catalog_type,record_id,name,icon_id,item_ids,related_icon_ids,icon_resource_status,packages_with_icon,mapping_status,suggested_icon_id,repair_source
ITEM,100001,M4A1,3000001,100001,3000001,FOUND,TG_Shop.upk,DIRECT_COMMODITY_ICON_MATCH,,
ITEM,100002,AK47Rail,3000002,100002,3000002,FOUND,TG_Shop.upk,DIRECT_COMMODITY_ICON_MATCH,,
ITEM,100003,MP5,3000003,100003,3000003,FOUND,TG_Shop.upk,DIRECT_COMMODITY_ICON_MATCH,,
ITEM,100004,Remington_MSR,3000004,100004,3000004,FOUND,TG_Shop.upk,DIRECT_COMMODITY_ICON_MATCH,,
ITEM,100005,DesertEagle,3000005,100005,3000005,FOUND,TG_Shop.upk,DIRECT_COMMODITY_ICON_MATCH,,
ITEM,100006,AK47,3000006,100006,3000006,FOUND,TG_Shop.upk,DIRECT_COMMODITY_ICON_MATCH,,
ITEM,100007,BenelliNova,3000007,100007,3000007,FOUND,TG_Shop.upk,DIRECT_COMMODITY_ICON_MATCH,,
ITEM,100008,M249,3000008,100008,3000008,FOUND,TG_Shop.upk,DIRECT_COMMODITY_ICON_MATCH,,
ITEM,100009,USP,3000009,100009,3000009,FOUND,TG_Shop.upk,DIRECT_COMMODITY_ICON_MATCH,,
ITEM,100010,M26Grenade,3000010,100010,3000010,FOUND,TG_Shop.upk,DIRECT_COMMODITY_ICON_MATCH,,
ITEM,100011,FlashBang,3000011,100011,3000011,FOUND,TG_Shop.upk,DIRECT_COMMODITY_ICON_MATCH,,
ITEM,100012,SmokeBang,3000012,100012,3000012,FOUND,TG_Shop.upk,DIRECT_COMMODITY_ICON_MATCH,,
ITEM,100013,Knife,1000001,100013,1000001,FOUND,TG_Shop.upk,DIRECT_COMMODITY_ICON_MATCH,,
ITEM,100014,GhostArmy,3000088,100014,,FOUND,TG_Shop.upk,NO_DIRECT_COMMODITY_CROSSCHECK,,
ITEM,100016,Variance,3000019,100016,,FOUND,TG_Shop.upk,NO_DIRECT_COMMODITY_CROSSCHECK,,
ITEM,100017,GhostArmy头盔,3000075,100017,3000075,FOUND,TG_Shop.upk,DIRECT_COMMODITY_ICON_MATCH,,
ITEM,100018,GhostArmy面罩,3000076,100018,3000076,FOUND,TG_Shop.upk,DIRECT_COMMODITY_ICON_MATCH,,
ITEM,100019,GhostArmy腰带,3000077,100019,3000077,FOUND,TG_Shop.upk,DIRECT_COMMODITY_ICON_MATCH,,
ITEM,100023,Variance头盔,3000081,100023,,FOUND,TG_Shop.upk,NO_DIRECT_COMMODITY_CROSSCHECK,,
ITEM,100024,Variance眼罩,3000082,100024,3000082,FOUND,TG_Shop.upk,DIRECT_COMMODITY_ICON_MATCH,,
ITEM,100025,Variance腰带,3000083,100025,3000083,FOUND,TG_Shop.upk,DIRECT_COMMODITY_ICON_MATCH,,
ITEM,100026,Package,1000006,100026,1000006,NOT_FOUND_IN_SCANNED_PACKAGES,,DIRECT_COMMODITY_ICON_MATCH,3000026,reviewed fallback: existing No. 3 Backpack image
ITEM,100027,SCAR,3000020,100027,3000020,FOUND,TG_Shop.upk,DIRECT_COMMODITY_ICON_MATCH,,
ITEM,100028,DJMan02,3000087,100028,,FOUND,TG_Shop.upk,NO_DIRECT_COMMODITY_CROSSCHECK,,
ITEM,100029,DJMan02头盔,3000084,100029,,FOUND,TG_Shop.upk,NO_DIRECT_COMMODITY_CROSSCHECK,,
ITEM,100030,DJMan02面罩,3000085,100030,,FOUND,TG_Shop.upk,NO_DIRECT_COMMODITY_CROSSCHECK,,
ITEM,100031,DJMan02腰带,3000086,100031,3000086,FOUND,TG_Shop.upk,DIRECT_COMMODITY_ICON_MATCH,,
ITEM,100032,HeadArmor,3000021,100032,3000021,FOUND,TG_Shop.upk,DIRECT_COMMODITY_ICON_MATCH,,
ITEM,100033,TorsorArmor,3000022,100033,3000022,FOUND,TG_Shop.upk,DIRECT_COMMODITY_ICON_MATCH,,
ITEM,100035,Bag3,3000026,100035,3000026,FOUND,TG_Shop.upk,DIRECT_COMMODITY_ICON_MATCH,,
ITEM,100036,Bag4,3000027,100036,3000027,FOUND,TG_Shop.upk,DIRECT_COMMODITY_ICON_MATCH,,
ITEM,100037,Bag5,3000028,100037,3000028,FOUND,TG_Shop.upk,DIRECT_COMMODITY_ICON_MATCH,,
ITEM,100038,Clan_EXP,1000007,100038,1000007,FOUND,TG_Shop.upk,DIRECT_COMMODITY_ICON_MATCH,,
ITEM,100039,Clan_GP,1000008,100039,1000008,FOUND,TG_Shop.upk,DIRECT_COMMODITY_ICON_MATCH,,
ITEM,100041,AUG,3000031,100041,3000031,FOUND,TG_Shop.upk,DIRECT_COMMODITY_ICON_MATCH,,
ITEM,100042,ClanTag,1000009,100042,1000009,FOUND,TG_Shop.upk,DIRECT_COMMODITY_ICON_MATCH,,
ITEM,100043,PVESkill1,1000010,100043,,FOUND,TG_Shop.upk,NO_DIRECT_COMMODITY_CROSSCHECK,,
ITEM,100044,PVESkill2,1000011,100044,,FOUND,TG_Shop.upk,NO_DIRECT_COMMODITY_CROSSCHECK,,
ITEM,100046,PVESkill4,1000013,100046,,FOUND,TG_Shop.upk,NO_DIRECT_COMMODITY_CROSSCHECK,,
ITEM,100047,PVESkill5,1000014,100047,,FOUND,TG_Shop.upk,NO_DIRECT_COMMODITY_CROSSCHECK,,
ITEM,100049,PVESkill6,1000015,100049,,FOUND,TG_Shop.upk,NO_DIRECT_COMMODITY_CROSSCHECK,,
ITEM,100050,PVESkill7,1000016,100050,,FOUND,TG_Shop.upk,NO_DIRECT_COMMODITY_CROSSCHECK,,
ITEM,100052,PVESkill9,1000018,100052,,FOUND,TG_Shop.upk,NO_DIRECT_COMMODITY_CROSSCHECK,,
ITEM,100053,PVESkill10,1000019,100053,,FOUND,TG_Shop.upk,NO_DIRECT_COMMODITY_CROSSCHECK,,
ITEM,100054,Speaker,3000062,100054,3000062,FOUND,TG_Shop.upk,DIRECT_COMMODITY_ICON_MATCH,,
ITEM,100056,AWM,3000064,100056,3000064,FOUND,TG_Shop.upk,DIRECT_COMMODITY_ICON_MATCH,,
ITEM,100057,M95,3000065,100057,3000065,FOUND,TG_Shop.upk,DIRECT_COMMODITY_ICON_MATCH,,
ITEM,100058,MK4,3000066,100058,3000066,FOUND,TG_Shop.upk,DIRECT_COMMODITY_ICON_MATCH,,
ITEM,100059,EXP1_BONUS,3000067,100059,3000067,FOUND,TG_Shop.upk,DIRECT_COMMODITY_ICON_MATCH,,
ITEM,100060,EXP2_BONUS,3000068,100060,3000068,FOUND,TG_Shop.upk,DIRECT_COMMODITY_ICON_MATCH,,
ITEM,100061,BaseArmy,3000069,100061,,FOUND,TG_Shop.upk,NO_DIRECT_COMMODITY_CROSSCHECK,,
ITEM,100062,Russian,3000070,100062,,FOUND,TG_Shop.upk,NO_DIRECT_COMMODITY_CROSSCHECK,,
ITEM,100063,Bag2,0,100063,,ZERO_ICON_ID,,ZERO_ICON_ID,,
ITEM,100064,G3SG2,3000071,100064,3000071,FOUND,TG_Shop.upk,DIRECT_COMMODITY_ICON_MATCH,,
ITEM,100068,RPK,3000074,100068,3000074,FOUND,TG_Shop.upk,DIRECT_COMMODITY_ICON_MATCH,,
ITEM,100069,Coolman,3000029,100069,,FOUND,TG_Shop.upk,NO_DIRECT_COMMODITY_CROSSCHECK,,
ITEM,100070,QBZ95,3000089,100070,3000089,FOUND,TG_Shop.upk,DIRECT_COMMODITY_ICON_MATCH,,
ITEM,100071,R700,3000090,100071,3000090,FOUND,TG_Shop.upk,DIRECT_COMMODITY_ICON_MATCH,,
ITEM,100072,M608,3000091,100072,3000091,FOUND,TG_Shop.upk,DIRECT_COMMODITY_ICON_MATCH,,
ITEM,100073,AN94,3000092,100073,3000092,FOUND,TG_Shop.upk,DIRECT_COMMODITY_ICON_MATCH,,
ITEM,100074,M60,3000093,100074,3000093,FOUND,TG_Shop.upk,DIRECT_COMMODITY_ICON_MATCH,,
ITEM,100075,FAMAS,3000094,100075,3000094,FOUND,TG_Shop.upk,DIRECT_COMMODITY_ICON_MATCH,,
ITEM,100076,SVD,3000095,100076,3000095,FOUND,TG_Shop.upk,DIRECT_COMMODITY_ICON_MATCH,,
ITEM,100077,MK2,3000096,100077,3000096,FOUND,TG_Shop.upk,DIRECT_COMMODITY_ICON_MATCH,,
ITEM,100078,IceAxe,3000097,100078,3000097,FOUND,TG_Shop.upk,DIRECT_COMMODITY_ICON_MATCH,,
ITEM,100079,HEGrenade,3000098,100079,3000098,FOUND,TG_Shop.upk,DIRECT_COMMODITY_ICON_MATCH,,
ITEM,100080,MiniGun,3000099,100080,3000099,FOUND,TG_Shop.upk,DIRECT_COMMODITY_ICON_MATCH,,
ITEM,100081,Russian面罩,3000100,100081,3000100,FOUND,TG_Shop.upk,DIRECT_COMMODITY_ICON_MATCH,,
ITEM,100082,BaseArmy眼镜,3000101,100082,3000101,FOUND,TG_Shop.upk,DIRECT_COMMODITY_ICON_MATCH,,
ITEM,100083,Russian夜视仪,3000102,100083,3000102,FOUND,TG_Shop.upk,DIRECT_COMMODITY_ICON_MATCH,,
ITEM,100084,DJMan02眼镜,3000103,100084,3000103,FOUND,TG_Shop.upk,DIRECT_COMMODITY_ICON_MATCH,,
ITEM,100085,GhostArmy眼镜,3000104,100085,3000104,FOUND,TG_Shop.upk,DIRECT_COMMODITY_ICON_MATCH,,
ITEM,100086,CoolMan眼镜1,3000105,100086,3000105,FOUND,TG_Shop.upk,DIRECT_COMMODITY_ICON_MATCH,,
ITEM,100087,CoolMan眼镜2,3000106,100087,3000106,FOUND,TG_Shop.upk,DIRECT_COMMODITY_ICON_MATCH,,
ITEM,100088,BaseArmy眼镜2,3000107,100088,3000107,FOUND,TG_Shop.upk,DIRECT_COMMODITY_ICON_MATCH,,
ITEM,100089,Russian头盔,3000108,100089,3000108,FOUND,TG_Shop.upk,DIRECT_COMMODITY_ICON_MATCH,,
ITEM,100090,Russian头罩,3000109,100090,3000109,FOUND,TG_Shop.upk,DIRECT_COMMODITY_ICON_MATCH,,
ITEM,100091,DJMan02头巾,3000110,100091,3000110,FOUND,TG_Shop.upk,DIRECT_COMMODITY_ICON_MATCH,,
ITEM,100092,GhostArmy头盔,3000111,100092,3000111,FOUND,TG_Shop.upk,DIRECT_COMMODITY_ICON_MATCH,,
ITEM,100093,Russian腰带,3000112,100093,3000112,FOUND,TG_Shop.upk,DIRECT_COMMODITY_ICON_MATCH,,
ITEM,100094,GhostArmy腰带,3000113,100094,3000113,FOUND,TG_Shop.upk,DIRECT_COMMODITY_ICON_MATCH,,
ITEM,100095,Russian腰带2,3000114,100095,3000114,FOUND,TG_Shop.upk,DIRECT_COMMODITY_ICON_MATCH,,
ITEM,100096,DJ腰带,3000115,100096,3000115,FOUND,TG_Shop.upk,DIRECT_COMMODITY_ICON_MATCH,,
ITEM,100097,CoolMan腰带,3000116,100097,3000116,FOUND,TG_Shop.upk,DIRECT_COMMODITY_ICON_MATCH,,
ITEM,100098,CoolMan腰带2,3000117,100098,3000117,FOUND,TG_Shop.upk,DIRECT_COMMODITY_ICON_MATCH,,
ITEM,100099,AR15,3000118,100099,3000118,FOUND,TG_Shop.upk,DIRECT_COMMODITY_ICON_MATCH,,
ITEM,100100,Minimi,3000119,100100,3000119,FOUND,TG_Shop.upk,DIRECT_COMMODITY_ICON_MATCH,,
ITEM,100101,BaseArmy腰带,3000120,100101,3000120,FOUND,TG_Shop.upk,DIRECT_COMMODITY_ICON_MATCH,,
ITEM,100102,BaseArmy腰带2,3000121,100102,3000121,FOUND,TG_Shop.upk,DIRECT_COMMODITY_ICON_MATCH,,
ITEM,100103,Variance帽子,3000122,100103,3000122,FOUND,TG_Shop.upk,DIRECT_COMMODITY_ICON_MATCH,,
ITEM,100104,Variance眼罩,3000123,100104,3000123,FOUND,TG_Shop.upk,DIRECT_COMMODITY_ICON_MATCH,,
ITEM,100105,M1014,3000124,100105,3000124,FOUND,TG_Shop.upk,DIRECT_COMMODITY_ICON_MATCH,,
ITEM,100111,P90,3000128,100111,3000128,FOUND,TG_Shop.upk,DIRECT_COMMODITY_ICON_MATCH,,
ITEM,100112,JS_SMG,3000129,100112,3000129,FOUND,TG_Shop.upk,DIRECT_COMMODITY_ICON_MATCH,,
ITEM,100113,UZI,3000130,100113,3000130,FOUND,TG_Shop.upk,DIRECT_COMMODITY_ICON_MATCH,,
ITEM,100114,FAL,3000131,100114,3000131,FOUND,TG_Shop.upk,DIRECT_COMMODITY_ICON_MATCH,,
ITEM,100115,Lee,3000132,100115,,FOUND,TG_Shop.upk,NO_DIRECT_COMMODITY_CROSSCHECK,,
ITEM,100116,Soldier面罩1,3000133,100116,3000133,FOUND,TG_Shop.upk,DIRECT_COMMODITY_ICON_MATCH,,
ITEM,100117,Soldier面罩2,3000134,100117,3000134,FOUND,TG_Shop.upk,DIRECT_COMMODITY_ICON_MATCH,,
ITEM,100118,Soldier头盔1,3000135,100118,3000135,FOUND,TG_Shop.upk,DIRECT_COMMODITY_ICON_MATCH,,
ITEM,100119,Soldier头盔2,3000136,100119,3000136,FOUND,TG_Shop.upk,DIRECT_COMMODITY_ICON_MATCH,,
ITEM,100120,Soldier腰带1,3000137,100120,3000137,FOUND,TG_Shop.upk,DIRECT_COMMODITY_ICON_MATCH,,
ITEM,100121,Soldier腰带2,3000138,100121,3000138,FOUND,TG_Shop.upk,DIRECT_COMMODITY_ICON_MATCH,,
ITEM,100122,XM8,3000139,100122,3000139,FOUND,TG_Shop.upk,DIRECT_COMMODITY_ICON_MATCH,,
ITEM,100123,EN,3000140,100123,,FOUND,TG_Shop.upk,NO_DIRECT_COMMODITY_CROSSCHECK,,
ITEM,100124,EN面罩1,3000141,100124,3000141,FOUND,TG_Shop.upk,DIRECT_COMMODITY_ICON_MATCH,,
ITEM,100125,EN面罩2,3000142,100125,3000142,FOUND,TG_Shop.upk,DIRECT_COMMODITY_ICON_MATCH,,
ITEM,100126,EN头盔2,3000143,100126,3000143,FOUND,TG_Shop.upk,DIRECT_COMMODITY_ICON_MATCH,,
ITEM,100127,EN头盔1,3000144,100127,3000144,FOUND,TG_Shop.upk,DIRECT_COMMODITY_ICON_MATCH,,
ITEM,100128,EN腰带1,3000145,100128,3000145,FOUND,TG_Shop.upk,DIRECT_COMMODITY_ICON_MATCH,,
ITEM,100129,EN腰带2,3000146,100129,3000146,FOUND,TG_Shop.upk,DIRECT_COMMODITY_ICON_MATCH,,
ITEM,100130,Lee头发,1000021,100130,,NOT_FOUND_IN_SCANNED_PACKAGES,,NO_DIRECT_COMMODITY_CROSSCHECK,,
ITEM,100131,EN头发,1000022,100131,,NOT_FOUND_IN_SCANNED_PACKAGES,,NO_DIRECT_COMMODITY_CROSSCHECK,,
ITEM,100132,ClanGroup_EXP,1000023,100132,1000023,NOT_FOUND_IN_SCANNED_PACKAGES,,DIRECT_COMMODITY_ICON_MATCH,,
ITEM,100133,SPAS12,3000147,100133,3000147,FOUND,TG_Shop.upk,DIRECT_COMMODITY_ICON_MATCH,,
ITEM,100134,colt1873,3000148,100134,3000148,FOUND,TG_Shop.upk,DIRECT_COMMODITY_ICON_MATCH,,
ITEM,100141,AR15GAI,3000217,100141,3000217,FOUND,TG_Shop.upk,DIRECT_COMMODITY_ICON_MATCH,,
ITEM,100143,BagExtended,3000159,100143,3000159,FOUND,TG_Shop.upk,DIRECT_COMMODITY_ICON_MATCH,,
ITEM,100145,RifleClipExtended,3000161,100145,3000161,FOUND,TG_Shop.upk,DIRECT_COMMODITY_ICON_MATCH,,
ITEM,100146,MachineGunClipExtended,3000162,100146,3000162,FOUND,TG_Shop.upk,DIRECT_COMMODITY_ICON_MATCH,,
ITEM,100147,SniperClipExtended,3000163,100147,3000163,FOUND,TG_Shop.upk,DIRECT_COMMODITY_ICON_MATCH,,
ITEM,100148,SubmachineGunClipExtended,3000164,100148,3000164,FOUND,TG_Shop.upk,DIRECT_COMMODITY_ICON_MATCH,,
ITEM,100149,ShotGunClipExtended,3000165,100149,3000165,FOUND,TG_Shop.upk,DIRECT_COMMODITY_ICON_MATCH,,
ITEM,100150,PistolClipExtended,3000166,100150,3000166,FOUND,TG_Shop.upk,DIRECT_COMMODITY_ICON_MATCH,,
ITEM,100153,Angel,3000169,100153,,FOUND,TG_Shop.upk,NO_DIRECT_COMMODITY_CROSSCHECK,,
ITEM,100154,Painter_wolf,3000170,100154,3000170,FOUND,TG_Shop.upk,DIRECT_COMMODITY_ICON_MATCH,,
ITEM,100155,Painter_lion,3000171,100155,3000171,FOUND,TG_Shop.upk,DIRECT_COMMODITY_ICON_MATCH,,
ITEM,100156,Painter_shark,3000172,100156,3000172,FOUND,TG_Shop.upk,DIRECT_COMMODITY_ICON_MATCH,,
ITEM,100157,Painter_bomb,3000173,100157,3000173,FOUND,TG_Shop.upk,DIRECT_COMMODITY_ICON_MATCH,,
ITEM,100158,Painter_finger,3000174,100158,3000174,FOUND,TG_Shop.upk,DIRECT_COMMODITY_ICON_MATCH,,
ITEM,100159,Painter_knife,3000175,100159,3000175,FOUND,TG_Shop.upk,DIRECT_COMMODITY_ICON_MATCH,,
ITEM,100160,Painter_headshot,3000176,100160,3000176,FOUND,TG_Shop.upk,DIRECT_COMMODITY_ICON_MATCH,,
ITEM,100161,Painter_star,3000177,100161,3000177,FOUND,TG_Shop.upk,DIRECT_COMMODITY_ICON_MATCH,,
ITEM,100162,Painter_demon,3000178,100162,3000178,FOUND,TG_Shop.upk,DIRECT_COMMODITY_ICON_MATCH,,
ITEM,100163,Painter_bullet,3000179,100163,3000179,FOUND,TG_Shop.upk,DIRECT_COMMODITY_ICON_MATCH,,
ITEM,100164,Painter_gear,3000180,100164,3000180,FOUND,TG_Shop.upk,DIRECT_COMMODITY_ICON_MATCH,,
ITEM,100165,Painter_hook,3000181,100165,3000181,FOUND,TG_Shop.upk,DIRECT_COMMODITY_ICON_MATCH,,
ITEM,100166,Painter_dj,3000182,100166,3000182,FOUND,TG_Shop.upk,DIRECT_COMMODITY_ICON_MATCH,,
ITEM,100167,Painter_snake,3000183,100167,3000183,FOUND,TG_Shop.upk,DIRECT_COMMODITY_ICON_MATCH,,
ITEM,100168,Painter_poison,3000184,100168,3000184,FOUND,TG_Shop.upk,DIRECT_COMMODITY_ICON_MATCH,,
ITEM,100169,Painter_nuke,3000185,100169,3000185,FOUND,TG_Shop.upk,DIRECT_COMMODITY_ICON_MATCH,,
ITEM,100170,Painter_war,3000186,100170,3000186,FOUND,TG_Shop.upk,DIRECT_COMMODITY_ICON_MATCH,,
ITEM,100171,F2000,3000187,100171,3000187,FOUND,TG_Shop.upk,DIRECT_COMMODITY_ICON_MATCH,,
ITEM,100172,AK74U,3000188,100172,3000188,FOUND,TG_Shop.upk,DIRECT_COMMODITY_ICON_MATCH,,
ITEM,100174,M4A1_SCM,3000190,100174,3000190,FOUND,TG_Shop.upk,DIRECT_COMMODITY_ICON_MATCH,,
ITEM,100175,M4A1_AFM,3000191,100175,3000191,FOUND,TG_Shop.upk,DIRECT_COMMODITY_ICON_MATCH,,
ITEM,100176,M4A1_SPM,3000192,100176,3000192,FOUND,TG_Shop.upk,DIRECT_COMMODITY_ICON_MATCH,,
ITEM,100177,AWM_SSM,3000193,100177,3000193,FOUND,TG_Shop.upk,DIRECT_COMMODITY_ICON_MATCH,,
ITEM,100178,AWM_TAM,3000194,100178,3000194,FOUND,TG_Shop.upk,DIRECT_COMMODITY_ICON_MATCH,,
ITEM,100179,GLOCK17,3000195,100179,3000195,FOUND,TG_Shop.upk,DIRECT_COMMODITY_ICON_MATCH,,
ITEM,100180,BoxGlove,3000196,100180,3000196,FOUND,TG_Shop.upk,DIRECT_COMMODITY_ICON_MATCH,,
ITEM,100181,RenameCard,3000197,100181,3000197,FOUND,TG_Shop.upk,DIRECT_COMMODITY_ICON_MATCH,,
ITEM,100182,RecordRemoved,3000198,100182,3000198,FOUND,TG_Shop.upk,DIRECT_COMMODITY_ICON_MATCH,,
ITEM,100183,SpecialExtended,3000199,100183,3000199,FOUND,TG_Shop.upk,DIRECT_COMMODITY_ICON_MATCH,,
ITEM,100184,Press,3000200,100184,,FOUND,TG_Shop.upk,NO_DIRECT_COMMODITY_CROSSCHECK,,
ITEM,100185,PVESkill11,1000030,100185,,FOUND,TG_Shop.upk,NO_DIRECT_COMMODITY_CROSSCHECK,,
ITEM,100186,PVESkill12,1000031,100186,,FOUND,TG_Shop.upk,NO_DIRECT_COMMODITY_CROSSCHECK,,
ITEM,100187,PVESkill13,1000032,100187,,FOUND,TG_Shop.upk,NO_DIRECT_COMMODITY_CROSSCHECK,,
ITEM,100188,PVESkill14,1000033,100188,,FOUND,TG_Shop.upk,NO_DIRECT_COMMODITY_CROSSCHECK,,
ITEM,100189,PVESkill15,1000034,100189,,FOUND,TG_Shop.upk,NO_DIRECT_COMMODITY_CROSSCHECK,,
ITEM,100190,M4A1OET,3000299,100190,3000299,FOUND,TG_Shop.upk,DIRECT_COMMODITY_ICON_MATCH,,
ITEM,100191,AK47OET,3000300,100191,3000300,FOUND,TG_Shop.upk,DIRECT_COMMODITY_ICON_MATCH,,
ITEM,100192,AWMOET,3000301,100192,3000301,FOUND,TG_Shop.upk,DIRECT_COMMODITY_ICON_MATCH,,
ITEM,100193,Painter_petty,1000038,100193,1000038,FOUND,TG_Shop.upk,DIRECT_COMMODITY_ICON_MATCH,,
ITEM,100194,Painter_company,1000039,100194,1000039,FOUND,TG_Shop.upk,DIRECT_COMMODITY_ICON_MATCH,,
ITEM,100195,Painter_field,1000040,100195,1000040,FOUND,TG_Shop.upk,DIRECT_COMMODITY_ICON_MATCH,,
ITEM,100196,WinRemoved,3000201,100196,3000201,FOUND,TG_Shop.upk,DIRECT_COMMODITY_ICON_MATCH,,
ITEM,100197,C4Tools,3000202,100197,3000202,FOUND,TG_Shop.upk,DIRECT_COMMODITY_ICON_MATCH,,
ITEM,100198,SG551,3000203,100198,3000203,FOUND,TG_Shop.upk,DIRECT_COMMODITY_ICON_MATCH,,
ITEM,100199,Racer,3000204,100199,,FOUND,TG_Shop.upk,NO_DIRECT_COMMODITY_CROSSCHECK,,
ITEM,100200,Racer头盔,3000205,100200,3000205,FOUND,TG_Shop.upk,DIRECT_COMMODITY_ICON_MATCH,,
ITEM,100201,Racer面罩,3000206,100201,3000206,FOUND,TG_Shop.upk,DIRECT_COMMODITY_ICON_MATCH,,
ITEM,100202,Racer面罩2,3000207,100202,3000207,FOUND,TG_Shop.upk,DIRECT_COMMODITY_ICON_MATCH,,
ITEM,100203,Racer腰带,3000208,100203,3000208,FOUND,TG_Shop.upk,DIRECT_COMMODITY_ICON_MATCH,,
ITEM,100205,SkillExtended,3000210,100205,3000210,FOUND,TG_Shop.upk,DIRECT_COMMODITY_ICON_MATCH,,
ITEM,100206,FAMASGAI,3000211,100206,3000211,FOUND,TG_Shop.upk,DIRECT_COMMODITY_ICON_MATCH,,
ITEM,100207,DE_A,3000212,100207,3000212,FOUND,TG_Shop.upk,DIRECT_COMMODITY_ICON_MATCH,,
ITEM,100208,WJQ,3000213,100208,3000213,FOUND,TG_Shop.upk,DIRECT_COMMODITY_ICON_MATCH,,
ITEM,100210,BigKillClipExtended,3000215,100210,3000215,FOUND,TG_Shop.upk,DIRECT_COMMODITY_ICON_MATCH,,
ITEM,100211,Rebirth_Coin,3000219,100211,3000219,FOUND,TG_Shop.upk,DIRECT_COMMODITY_ICON_MATCH,,
ITEM,100212,ChristGrenade,3000220,100212,3000220,FOUND,TG_Shop.upk,DIRECT_COMMODITY_ICON_MATCH,,
ITEM,100214,CSLR4,3000218,100214,3000218,FOUND,TG_Shop.upk,DIRECT_COMMODITY_ICON_MATCH,,
ITEM,100216,JAY,3000232,100216,,FOUND,TG_Shop.upk,NO_DIRECT_COMMODITY_CROSSCHECK,,
ITEM,100217,Nicholas,3000233,100217,,FOUND,TG_Shop.upk,NO_DIRECT_COMMODITY_CROSSCHECK,,
ITEM,100218,万飞眼镜,1000041,100218,,NOT_FOUND_IN_SCANNED_PACKAGES,,NO_DIRECT_COMMODITY_CROSSCHECK,,
ITEM,100219,万阳眼镜,1000042,100219,,NOT_FOUND_IN_SCANNED_PACKAGES,,NO_DIRECT_COMMODITY_CROSSCHECK,,
ITEM,100220,M4A1_NZ,3000234,100220,3000234,FOUND,TG_Shop.upk,DIRECT_COMMODITY_ICON_MATCH,,
ITEM,100221,AK47GAI,3000235,100221,3000235,FOUND,TG_Shop.upk,DIRECT_COMMODITY_ICON_MATCH,,
ITEM,100222,K92F,3000236,100222,3000236,FOUND,TG_Shop.upk,DIRECT_COMMODITY_ICON_MATCH,,
ITEM,100223,Press腰带,3000237,100223,3000237,FOUND,TG_Shop.upk,DIRECT_COMMODITY_ICON_MATCH,,
ITEM,100224,BaseArmy头盔,3000238,100224,3000238,FOUND,TG_Shop.upk,DIRECT_COMMODITY_ICON_MATCH,,
ITEM,100226,Angle默认头盔,0,100226,,ZERO_ICON_ID,,ZERO_ICON_ID,,
ITEM,100230,Press眼镜,3000244,100230,3000244,FOUND,TG_Shop.upk,DIRECT_COMMODITY_ICON_MATCH,,
ITEM,100232,QJY88,3000246,100232,3000246,FOUND,TG_Shop.upk,DIRECT_COMMODITY_ICON_MATCH,,
ITEM,100238,Jackhammer,3000247,100238,3000247,FOUND,TG_Shop.upk,DIRECT_COMMODITY_ICON_MATCH,,
ITEM,100239,M48HAWK,3000248,100239,3000248,FOUND,TG_Shop.upk,DIRECT_COMMODITY_ICON_MATCH,,
ITEM,100240,异形怪引诱雷,3000249,100240,3000249,FOUND,TG_Shop.upk,DIRECT_COMMODITY_ICON_MATCH,,
ITEM,100241,飞行背包,3000250,100241,3000250,FOUND,TG_Shop.upk,DIRECT_COMMODITY_ICON_MATCH,,
ITEM,100242,超级暴风机甲执照Ⅰ,3000251,100242,3000251,FOUND,TG_Shop.upk,DIRECT_COMMODITY_ICON_MATCH,,
ITEM,100243,超级暴风机甲执照Ⅱ,3000252,100243,3000252,FOUND,TG_Shop.upk,DIRECT_COMMODITY_ICON_MATCH,,
ITEM,100244,超级巨兽机甲执照,3000253,100244,3000253,FOUND,TG_Shop.upk,DIRECT_COMMODITY_ICON_MATCH,,
ITEM,100245,炮弹补给箱,3000254,100245,3000254,FOUND,TG_Shop.upk,DIRECT_COMMODITY_ICON_MATCH,,
ITEM,100246,坦克装甲,3000255,100246,3000255,FOUND,TG_Shop.upk,DIRECT_COMMODITY_ICON_MATCH,,
ITEM,100254,幸运子弹A,1000049,100254,1000049,FOUND,TG_Shop.upk,DIRECT_COMMODITY_ICON_MATCH,,
ITEM,100255,幸运子弹B,1000050,100255,1000050,FOUND,TG_Shop.upk,DIRECT_COMMODITY_ICON_MATCH,,
ITEM,100256,幸运子弹C,1000051,100256,1000051,FOUND,TG_Shop.upk,DIRECT_COMMODITY_ICON_MATCH,,
ITEM,100257,幸运子弹D,1000052,100257,1000052,FOUND,TG_Shop.upk,DIRECT_COMMODITY_ICON_MATCH,,
ITEM,100258,幸运武器零件,1000053,100258,1000053,FOUND,TG_Shop.upk,DIRECT_COMMODITY_ICON_MATCH,,
ITEM,100259,FoolGrenade,3000263,100259,3000263,FOUND,TG_Shop.upk,DIRECT_COMMODITY_ICON_MATCH,,
ITEM,100260,QBU88,3000264,100260,3000264,FOUND,TG_Shop.upk,DIRECT_COMMODITY_ICON_MATCH,,
ITEM,100261,UMP,3000265,100261,3000265,FOUND,TG_Shop.upk,DIRECT_COMMODITY_ICON_MATCH,,
ITEM,100262,Ak47bullpup,3000266,100262,3000266,FOUND,TG_Shop.upk,DIRECT_COMMODITY_ICON_MATCH,,
ITEM,100263,SWM500,3000267,100263,3000267,FOUND,TG_Shop.upk,DIRECT_COMMODITY_ICON_MATCH,,
ITEM,100264,Racer头盔,3000268,100264,3000268,FOUND,TG_Shop.upk,DIRECT_COMMODITY_ICON_MATCH,,
ITEM,100265,Press头盔,3000269,100265,3000269,FOUND,TG_Shop.upk,DIRECT_COMMODITY_ICON_MATCH,,
ITEM,100266,Press面罩,3000270,100266,3000270,FOUND,TG_Shop.upk,DIRECT_COMMODITY_ICON_MATCH,,
ITEM,100267,Nicholas头盔,3000271,100267,3000271,FOUND,TG_Shop.upk,DIRECT_COMMODITY_ICON_MATCH,,
ITEM,100268,Nicholas面罩,3000272,100268,3000272,FOUND,TG_Shop.upk,DIRECT_COMMODITY_ICON_MATCH,,
ITEM,100269,Nicholas腰带,3000273,100269,3000273,FOUND,TG_Shop.upk,DIRECT_COMMODITY_ICON_MATCH,,
ITEM,100270,Swat,3000274,100270,,FOUND,TG_Shop.upk,NO_DIRECT_COMMODITY_CROSSCHECK,,
ITEM,100271,Vasily,3000275,100271,,FOUND,TG_Shop.upk,NO_DIRECT_COMMODITY_CROSSCHECK,,
ITEM,100272,面部（瓦西里）,3000276,100272,3000276,FOUND,TG_Shop.upk,DIRECT_COMMODITY_ICON_MATCH,,
ITEM,100273,头盔（瓦西里）,3000277,100273,,FOUND,TG_Shop.upk,NO_DIRECT_COMMODITY_CROSSCHECK,,
ITEM,100275,阿尔法防风镜,3000279,100275,3000279,FOUND,TG_Shop.upk,DIRECT_COMMODITY_ICON_MATCH,,
ITEM,100276,阿尔法战斗头盔,3000280,100276,3000280,FOUND,TG_Shop.upk,DIRECT_COMMODITY_ICON_MATCH,,
ITEM,100277,腰部（万飞）,3000281,100277,3000281,FOUND,TG_Shop.upk,DIRECT_COMMODITY_ICON_MATCH,,
ITEM,100278,面部（万飞）,3000282,100278,3000282,FOUND,TG_Shop.upk,DIRECT_COMMODITY_ICON_MATCH,,
ITEM,100279,国际警察战斗帽,3000283,100279,3000283,FOUND,TG_Shop.upk,DIRECT_COMMODITY_ICON_MATCH,,
ITEM,100280,AR15OET,3000284,100280,3000284,FOUND,TG_Shop.upk,DIRECT_COMMODITY_ICON_MATCH,,
ITEM,100281,QBZ95OET,3000285,100281,3000285,FOUND,TG_Shop.upk,DIRECT_COMMODITY_ICON_MATCH,,
ITEM,100282,M249GAI,3000286,100282,3000286,FOUND,TG_Shop.upk,DIRECT_COMMODITY_ICON_MATCH,,
ITEM,100283,RPKGAI,3000287,100283,3000287,FOUND,TG_Shop.upk,DIRECT_COMMODITY_ICON_MATCH,,
ITEM,100284,MinigunGAI,3000288,100284,3000288,FOUND,TG_Shop.upk,DIRECT_COMMODITY_ICON_MATCH,,
ITEM,100286,F2000GAI,3000290,100286,3000290,FOUND,TG_Shop.upk,DIRECT_COMMODITY_ICON_MATCH,,
ITEM,100287,SCARGAI,3000291,100287,3000291,FOUND,TG_Shop.upk,DIRECT_COMMODITY_ICON_MATCH,,
ITEM,100289,WJQworker,3000293,100289,3000293,FOUND,TG_Shop.upk,DIRECT_COMMODITY_ICON_MATCH,,
ITEM,100290,命令行工具,3000294,100290,3000294,NOT_FOUND_IN_SCANNED_PACKAGES,,DIRECT_COMMODITY_ICON_MATCH,,
ITEM,100291,AK47_old,3000295,100291,3000295,FOUND,TG_Shop.upk,DIRECT_COMMODITY_ICON_MATCH,,
ITEM,100292,M4A1_old,3000296,100292,3000296,FOUND,TG_Shop.upk,DIRECT_COMMODITY_ICON_MATCH,,
ITEM,100293,AWM_old,3000297,100293,3000297,FOUND,TG_Shop.upk,DIRECT_COMMODITY_ICON_MATCH,,
ITEM,100294,AWMGAI,3000298,100294,3000298,FOUND,TG_Shop.upk,DIRECT_COMMODITY_ICON_MATCH,,
ITEM,100295,QSZ92,3000302,100295,3000302,FOUND,TG_Shop.upk,DIRECT_COMMODITY_ICON_MATCH,,
ITEM,100296,OTS14,3000303,100296,3000303,FOUND,TG_Shop.upk,DIRECT_COMMODITY_ICON_MATCH,,
ITEM,100297,M240LW,3000304,100297,3000304,FOUND,TG_Shop.upk,DIRECT_COMMODITY_ICON_MATCH,,
ITEM,100298,AK47Sword,3000305,100298,3000305,FOUND,TG_Shop.upk,DIRECT_COMMODITY_ICON_MATCH,,
ITEM,100299,Painter_RoyalDragon,3000306,100299,3000306,FOUND,TG_Shop.upk,DIRECT_COMMODITY_ICON_MATCH,,
ITEM,100303,女兵战斗腰带,3000310,100303,3000310,FOUND,TG_Shop.upk,DIRECT_COMMODITY_ICON_MATCH,,
ITEM,100304,面部（angle）,3000311,100304,3000311,FOUND,TG_Shop.upk,DIRECT_COMMODITY_ICON_MATCH,,
ITEM,100305,头盔（angle）,3000312,100305,3000312,FOUND,TG_Shop.upk,DIRECT_COMMODITY_ICON_MATCH,,
ITEM,100306,Jian,3000313,100306,3000313,FOUND,TG_Shop.upk,DIRECT_COMMODITY_ICON_MATCH,,
ITEM,100307,BIOBang,3000314,100307,3000314,FOUND,TG_Shop.upk,DIRECT_COMMODITY_ICON_MATCH,,
ITEM,100308,M60Child,3000315,100308,3000315,FOUND,TG_Shop.upk,DIRECT_COMMODITY_ICON_MATCH,,
ITEM,100309,KACSAW,3000316,100309,3000316,FOUND,TG_Shop.upk,DIRECT_COMMODITY_ICON_MATCH,,
ITEM,100310,变异病毒,3000317,100310,3000317,FOUND,TG_Shop.upk,DIRECT_COMMODITY_ICON_MATCH,,
ITEM,100311,变异弹匣,3000318,100311,3000318,FOUND,TG_Shop.upk,DIRECT_COMMODITY_ICON_MATCH,,
ITEM,100312,Candy_Grenade,3000319,100312,3000319,FOUND,TG_Shop.upk,DIRECT_COMMODITY_ICON_MATCH,,
ITEM,100313,PVESkill16,1000054,100313,,FOUND,TG_Shop.upk,NO_DIRECT_COMMODITY_CROSSCHECK,,
ITEM,100314,PVESkill17,1000055,100314,,FOUND,TG_Shop.upk,NO_DIRECT_COMMODITY_CROSSCHECK,,
ITEM,100316,PVESkill19,1000057,100316,,FOUND,TG_Shop.upk,NO_DIRECT_COMMODITY_CROSSCHECK,,
ITEM,100317,PVESkill20,1000058,100317,,FOUND,TG_Shop.upk,NO_DIRECT_COMMODITY_CROSSCHECK,,
ITEM,100318,PVESkill21,1000059,100318,,FOUND,TG_Shop.upk,NO_DIRECT_COMMODITY_CROSSCHECK,,
ITEM,100319,PVESkill22,1000060,100319,,FOUND,TG_Shop.upk,NO_DIRECT_COMMODITY_CROSSCHECK,,
ITEM,100320,头盔（万飞）,3000320,100320,3000320,FOUND,TG_Shop.upk,DIRECT_COMMODITY_ICON_MATCH,,
ITEM,100321,头盔（浩南）,3000321,100321,3000321,FOUND,TG_Shop.upk,DIRECT_COMMODITY_ICON_MATCH,,
ITEM,100322,头发（浩南）,0,100322,,ZERO_ICON_ID,,ZERO_ICON_ID,,
ITEM,100323,头发（万飞）,0,100323,,ZERO_ICON_ID,,ZERO_ICON_ID,,
ITEM,100324,头发（万阳）,0,100324,,ZERO_ICON_ID,,ZERO_ICON_ID,,
ITEM,100325,头发（张杰）,0,100325,,ZERO_ICON_ID,,ZERO_ICON_ID,,
ITEM,100326,AWMs_Gold,3000322,100326,3000322,FOUND,TG_Shop.upk,DIRECT_COMMODITY_ICON_MATCH,,
ITEM,100327,AWMs_Silver,3000323,100327,3000323,FOUND,TG_Shop.upk,DIRECT_COMMODITY_ICON_MATCH,,
ITEM,100328,AWMs_Copper,3000324,100328,3000324,FOUND,TG_Shop.upk,DIRECT_COMMODITY_ICON_MATCH,,
ITEM,100329,M4fr_Gold,3000325,100329,3000325,FOUND,TG_Shop.upk,DIRECT_COMMODITY_ICON_MATCH,,
ITEM,100330,M4fr_Silver,3000326,100330,3000326,FOUND,TG_Shop.upk,DIRECT_COMMODITY_ICON_MATCH,,
ITEM,100331,M4fr_Copper,3000327,100331,3000327,FOUND,TG_Shop.upk,DIRECT_COMMODITY_ICON_MATCH,,
ITEM,100332,Painter_Mark,3000328,100332,3000328,FOUND,TG_Shop.upk,DIRECT_COMMODITY_ICON_MATCH,,
ITEM,100333,Murphy,3000329,100333,,FOUND,TG_Shop.upk,NO_DIRECT_COMMODITY_CROSSCHECK,,
ITEM,100334,铁面,3000330,100334,,FOUND,TG_Shop.upk,NO_DIRECT_COMMODITY_CROSSCHECK,,
ITEM,100335,头发（Murphy）,0,100335,,ZERO_ICON_ID,,ZERO_ICON_ID,,
ITEM,100336,M4A1_mend,3000331,100336,3000331,FOUND,TG_Shop.upk,DIRECT_COMMODITY_ICON_MATCH,,
ITEM,100337,AR15_mendSilver,3000332,100337,3000332,FOUND,TG_Shop.upk,DIRECT_COMMODITY_ICON_MATCH,,
ITEM,100341,头盔（男警士兵1）,3000336,100341,3000336,FOUND,TG_Shop.upk,DIRECT_COMMODITY_ICON_MATCH,,
ITEM,100348,TAR21,3000343,100348,3000343,FOUND,TG_Shop.upk,DIRECT_COMMODITY_ICON_MATCH,,
ITEM,100349,A点喷漆,3000344,100349,3000344,FOUND,TG_Shop.upk,DIRECT_COMMODITY_ICON_MATCH,,
ITEM,100350,B点喷漆,3000345,100350,3000345,FOUND,TG_Shop.upk,DIRECT_COMMODITY_ICON_MATCH,,
ITEM,100351,机甲喷漆,3000346,100351,3000346,FOUND,TG_Shop.upk,DIRECT_COMMODITY_ICON_MATCH,,
ITEM,100352,逆战喷漆,3000347,100352,3000347,FOUND,TG_Shop.upk,DIRECT_COMMODITY_ICON_MATCH,,
ITEM,100353,牛仔喷漆,3000348,100353,3000348,FOUND,TG_Shop.upk,DIRECT_COMMODITY_ICON_MATCH,,
ITEM,100354,赛博格喷漆,3000349,100354,3000349,FOUND,TG_Shop.upk,DIRECT_COMMODITY_ICON_MATCH,,
ITEM,100355,生化喷漆,3000350,100355,3000350,FOUND,TG_Shop.upk,DIRECT_COMMODITY_ICON_MATCH,,
ITEM,100356,太空喷漆,3000351,100356,3000351,FOUND,TG_Shop.upk,DIRECT_COMMODITY_ICON_MATCH,,
ITEM,100357,小丑喷漆,3000352,100357,3000352,FOUND,TG_Shop.upk,DIRECT_COMMODITY_ICON_MATCH,,
ITEM,100358,诱惑喷漆,3000353,100358,3000353,FOUND,TG_Shop.upk,DIRECT_COMMODITY_ICON_MATCH,,
ITEM,100359,礼包1,1000061,100359,,FOUND,TG_Shop.upk,NO_DIRECT_COMMODITY_CROSSCHECK,,
ITEM,100360,礼包2,1000062,100360,,FOUND,TG_Shop.upk,NO_DIRECT_COMMODITY_CROSSCHECK,,
ITEM,100361,礼包3,1000063,100361,,FOUND,TG_Shop.upk,NO_DIRECT_COMMODITY_CROSSCHECK,,
ITEM,100365,DSR1,3000356,100365,3000356,FOUND,TG_Shop.upk,DIRECT_COMMODITY_ICON_MATCH,,
ITEM,100366,MUAL,3000357,100366,3000357,FOUND,TG_Shop.upk,DIRECT_COMMODITY_ICON_MATCH,,
ITEM,100368,UZI77,3000359,100368,3000359,FOUND,TG_Shop.upk,DIRECT_COMMODITY_ICON_MATCH,,
ITEM,100369,蝎子战刀,3000360,100369,3000360,FOUND,TG_Shop.upk,DIRECT_COMMODITY_ICON_MATCH,,
ITEM,100370,空气过滤器,3000361,100370,3000361,FOUND,TG_Shop.upk,DIRECT_COMMODITY_ICON_MATCH,,
ITEM,100371,弟弟的帽子,3000362,100371,3000362,FOUND,TG_Shop.upk,DIRECT_COMMODITY_ICON_MATCH,,
ITEM,100372,警用镇暴腰带,3000363,100372,3000363,FOUND,TG_Shop.upk,DIRECT_COMMODITY_ICON_MATCH,,
ITEM,100373,抗病毒呼吸面罩,3000364,100373,3000364,FOUND,TG_Shop.upk,DIRECT_COMMODITY_ICON_MATCH,,
ITEM,100377,红魔礼兵头盔,3000368,100377,3000368,FOUND,TG_Shop.upk,DIRECT_COMMODITY_ICON_MATCH,,
ITEM,100380,AK47SwordII,3000371,100380,3000371,FOUND,TG_Shop.upk,DIRECT_COMMODITY_ICON_MATCH,,
ITEM,100381,M4A1_ACU,3000372,100381,3000372,FOUND,TG_Shop.upk,DIRECT_COMMODITY_ICON_MATCH,,
ITEM,100382,Bella,3000373,100382,,FOUND,TG_Shop.upk,NO_DIRECT_COMMODITY_CROSSCHECK,,
ITEM,100384,FashionArmy,3000375,100384,,FOUND,TG_Shop.upk,NO_DIRECT_COMMODITY_CROSSCHECK,,
ITEM,100385,M4A1Member,3000376,100385,3000376,FOUND,TG_Shop.upk,DIRECT_COMMODITY_ICON_MATCH,,
ITEM,100386,AK47Member,3000377,100386,3000377,FOUND,TG_Shop.upk,DIRECT_COMMODITY_ICON_MATCH,,
ITEM,100387,头发（Bella）,0,100387,,ZERO_ICON_ID,,ZERO_ICON_ID,,
ITEM,100389,头发（FashionArmy）,0,100389,,ZERO_ICON_ID,,ZERO_ICON_ID,,
ITEM,100390,KukriT,3000378,100390,3000378,FOUND,TG_Shop.upk,DIRECT_COMMODITY_ICON_MATCH,,
ITEM,100392,QBZ03,3000380,100392,3000380,FOUND,TG_Shop.upk,DIRECT_COMMODITY_ICON_MATCH,,
ITEM,100393,AK47gold,3000381,100393,3000381,FOUND,TG_Shop.upk,DIRECT_COMMODITY_ICON_MATCH,,
ITEM,100394,M4A1gold,3000382,100394,3000382,FOUND,TG_Shop.upk,DIRECT_COMMODITY_ICON_MATCH,,
ITEM,100395,AWMgold,3000383,100395,3000383,FOUND,TG_Shop.upk,DIRECT_COMMODITY_ICON_MATCH,,
ITEM,100396,AK47gold,3000381,100396,3000381,FOUND,TG_Shop.upk,DIRECT_COMMODITY_ICON_MATCH,,
ITEM,100398,MidAutumn,3000385,100398,3000385,FOUND,TG_Shop.upk,DIRECT_COMMODITY_ICON_MATCH,,
ITEM,100399,齿轮喷漆,3000386,100399,3000386,FOUND,TG_Shop.upk,DIRECT_COMMODITY_ICON_MATCH,,
ITEM,100400,井盖喷漆,3000387,100400,3000387,FOUND,TG_Shop.upk,DIRECT_COMMODITY_ICON_MATCH,,
ITEM,100401,骷髅喷漆,3000388,100401,3000388,FOUND,TG_Shop.upk,DIRECT_COMMODITY_ICON_MATCH,,
ITEM,100402,力量喷漆,3000389,100402,3000389,FOUND,TG_Shop.upk,DIRECT_COMMODITY_ICON_MATCH,,
ITEM,100403,练靶喷漆,3000390,100403,3000390,FOUND,TG_Shop.upk,DIRECT_COMMODITY_ICON_MATCH,,
ITEM,100404,猎鹰喷漆,3000391,100404,3000391,FOUND,TG_Shop.upk,DIRECT_COMMODITY_ICON_MATCH,,
ITEM,100405,轮胎喷漆,3000392,100405,3000392,FOUND,TG_Shop.upk,DIRECT_COMMODITY_ICON_MATCH,,
ITEM,100406,沙漠之鹰喷漆,3000393,100406,3000393,FOUND,TG_Shop.upk,DIRECT_COMMODITY_ICON_MATCH,,
ITEM,100407,坦克喷漆,3000394,100407,3000394,FOUND,TG_Shop.upk,DIRECT_COMMODITY_ICON_MATCH,,
ITEM,100408,引诱雷喷漆,3000395,100408,3000395,FOUND,TG_Shop.upk,DIRECT_COMMODITY_ICON_MATCH,,
ITEM,100409,城市喷漆,3000396,100409,3000396,FOUND,TG_Shop.upk,DIRECT_COMMODITY_ICON_MATCH,,
ITEM,100410,毁灭喷漆,3000397,100410,3000397,FOUND,TG_Shop.upk,DIRECT_COMMODITY_ICON_MATCH,,
ITEM,100411,战斗喷漆,3000398,100411,3000398,FOUND,TG_Shop.upk,DIRECT_COMMODITY_ICON_MATCH,,
ITEM,100412,开火喷漆,3000399,100412,3000399,FOUND,TG_Shop.upk,DIRECT_COMMODITY_ICON_MATCH,,
ITEM,100413,冲刺喷漆,3000400,100413,3000400,FOUND,TG_Shop.upk,DIRECT_COMMODITY_ICON_MATCH,,
ITEM,100414,士兵喷漆,3000401,100414,3000401,FOUND,TG_Shop.upk,DIRECT_COMMODITY_ICON_MATCH,,
ITEM,100415,老虎喷漆,3000402,100415,3000402,FOUND,TG_Shop.upk,DIRECT_COMMODITY_ICON_MATCH,,
ITEM,100416,彩色骷髅喷漆,3000403,100416,3000403,FOUND,TG_Shop.upk,DIRECT_COMMODITY_ICON_MATCH,,
ITEM,100417,彩色坦克喷漆,3000404,100417,3000404,FOUND,TG_Shop.upk,DIRECT_COMMODITY_ICON_MATCH,,
ITEM,100418,星球喷漆,3000405,100418,3000405,FOUND,TG_Shop.upk,DIRECT_COMMODITY_ICON_MATCH,,
ITEM,100425,腰部2（守卫）,3000412,100425,3000412,FOUND,TG_Shop.upk,DIRECT_COMMODITY_ICON_MATCH,,
ITEM,100428,腰部2（信号旗）,3000415,100428,3000415,FOUND,TG_Shop.upk,DIRECT_COMMODITY_ICON_MATCH,,
ITEM,100432,面部2（Murphy）,3000419,100432,3000419,FOUND,TG_Shop.upk,DIRECT_COMMODITY_ICON_MATCH,,
ITEM,100436,AUGGAI,3000423,100436,3000423,FOUND,TG_Shop.upk,DIRECT_COMMODITY_ICON_MATCH,,
ITEM,100437,XM8GAI,3000424,100437,3000424,FOUND,TG_Shop.upk,DIRECT_COMMODITY_ICON_MATCH,,
ITEM,100438,SG551GAI,3000425,100438,3000425,FOUND,TG_Shop.upk,DIRECT_COMMODITY_ICON_MATCH,,
ITEM,100441,SVDGAI,3000428,100441,3000428,FOUND,TG_Shop.upk,DIRECT_COMMODITY_ICON_MATCH,,
ITEM,100448,AR15QT,3000435,100448,3000435,FOUND,TG_Shop.upk,DIRECT_COMMODITY_ICON_MATCH,,
ITEM,100450,腰部1（Bella）,3000437,100450,3000437,FOUND,TG_Shop.upk,DIRECT_COMMODITY_ICON_MATCH,,
ITEM,100451,面部1（Bella）,3000438,100451,3000438,FOUND,TG_Shop.upk,DIRECT_COMMODITY_ICON_MATCH,,
ITEM,100452,头盔1（Bella）,3000439,100452,3000439,FOUND,TG_Shop.upk,DIRECT_COMMODITY_ICON_MATCH,,
ITEM,100455,腰部2（Murphy）,3000442,100455,3000442,FOUND,TG_Shop.upk,DIRECT_COMMODITY_ICON_MATCH,,
ITEM,100457,ULTIMAX100,3000444,100457,3000444,FOUND,TG_Shop.upk,DIRECT_COMMODITY_ICON_MATCH,,
ITEM,100458,女警2,3000445,100458,,FOUND,TG_Shop.upk,NO_DIRECT_COMMODITY_CROSSCHECK,,
ITEM,100459,pumkin,3000446,100459,3000446,FOUND,TG_Shop.upk,DIRECT_COMMODITY_ICON_MATCH,,
ITEM,100460,头发（女警2）,0,100460,,ZERO_ICON_ID,,ZERO_ICON_ID,,
ITEM,100461,毁灭执照,3000447,100461,3000447,FOUND,TG_Shop.upk,DIRECT_COMMODITY_ICON_MATCH,,
ITEM,100462,DEgold,3000448,100462,3000448,FOUND,TG_Shop.upk,DIRECT_COMMODITY_ICON_MATCH,,
ITEM,100463,M48Gold,3000449,100463,3000449,FOUND,TG_Shop.upk,DIRECT_COMMODITY_ICON_MATCH,,
ITEM,100464,RPKgold,3000450,100464,3000450,FOUND,TG_Shop.upk,DIRECT_COMMODITY_ICON_MATCH,,
ITEM,100465,MinigunGold,3000451,100465,3000451,FOUND,TG_Shop.upk,DIRECT_COMMODITY_ICON_MATCH,,
ITEM,100466,MK4QT,3000452,100466,3000452,FOUND,TG_Shop.upk,DIRECT_COMMODITY_ICON_MATCH,,
ITEM,100467,DEQT,3000453,100467,3000453,FOUND,TG_Shop.upk,DIRECT_COMMODITY_ICON_MATCH,,
ITEM,100469,SnowBall,3000455,100469,3000455,FOUND,TG_Shop.upk,DIRECT_COMMODITY_ICON_MATCH,,
ITEM,100470,Runa,3000456,100470,,FOUND,TG_Shop.upk,NO_DIRECT_COMMODITY_CROSSCHECK,,
ITEM,100472,QBZ95_mend,3000458,100472,3000458,FOUND,TG_Shop.upk,DIRECT_COMMODITY_ICON_MATCH,,
ITEM,100473,Cracker,3000459,100473,3000459,FOUND,TG_Shop.upk,DIRECT_COMMODITY_ICON_MATCH,,
ITEM,100474,AK47GoldSword,3000460,100474,3000460,FOUND,TG_Shop.upk,DIRECT_COMMODITY_ICON_MATCH,,
ITEM,100475,M4A1P_Gold,3000461,100475,3000461,FOUND,TG_Shop.upk,DIRECT_COMMODITY_ICON_MATCH,,
ITEM,100476,UZIacu,3000462,100476,3000462,FOUND,TG_Shop.upk,DIRECT_COMMODITY_ICON_MATCH,,
ITEM,100478,AK74Udust,3000464,100478,3000464,FOUND,TG_Shop.upk,DIRECT_COMMODITY_ICON_MATCH,,
ITEM,100479,AR15Snake,3000465,100479,3000465,FOUND,TG_Shop.upk,DIRECT_COMMODITY_ICON_MATCH,,
ITEM,100480,SCARsnake,3000466,100480,3000466,FOUND,TG_Shop.upk,DIRECT_COMMODITY_ICON_MATCH,,
ITEM,100481,M95Snake,3000467,100481,3000467,FOUND,TG_Shop.upk,DIRECT_COMMODITY_ICON_MATCH,,
ITEM,100482,MinigunSnake,3000468,100482,3000468,FOUND,TG_Shop.upk,DIRECT_COMMODITY_ICON_MATCH,,
ITEM,100483,DEsnake,3000469,100483,3000469,FOUND,TG_Shop.upk,DIRECT_COMMODITY_ICON_MATCH,,
ITEM,100484,MK4Snake,3000470,100484,3000470,FOUND,TG_Shop.upk,DIRECT_COMMODITY_ICON_MATCH,,
ITEM,100490,头发（Runa）,0,100490,,ZERO_ICON_ID,,ZERO_ICON_ID,,
ITEM,100496,FMG,3000480,100496,3000480,FOUND,TG_Shop.upk,DIRECT_COMMODITY_ICON_MATCH,,
ITEM,100497,QBS09,3000481,100497,3000481,FOUND,TG_Shop.upk,DIRECT_COMMODITY_ICON_MATCH,,
ITEM,100498,QBZ95Sil,3000484,100498,3000484,FOUND,TG_Shop.upk,DIRECT_COMMODITY_ICON_MATCH,,
ITEM,100499,QBU10,3000485,100499,3000485,FOUND,TG_Shop.upk,DIRECT_COMMODITY_ICON_MATCH,,
ITEM,100500,军火箱破解器,3000486,100500,3000486,FOUND,TG_Shop.upk,DIRECT_COMMODITY_ICON_MATCH,,
ITEM,100501,加密军火箱,3000487,100501,,FOUND,TG_Shop.upk,NO_DIRECT_COMMODITY_CROSSCHECK,,
ITEM,100502,MiniGun,3000099,100502,3000099,FOUND,TG_Shop.upk,DIRECT_COMMODITY_ICON_MATCH,,
ITEM,100503,Remington_MSR,3000004,100503,3000004,FOUND,TG_Shop.upk,DIRECT_COMMODITY_ICON_MATCH,,
ITEM,100504,DSR1,3000356,100504,3000356,FOUND,TG_Shop.upk,DIRECT_COMMODITY_ICON_MATCH,,
ITEM,100505,M4A1_SCM,3000190,100505,3000190,FOUND,TG_Shop.upk,DIRECT_COMMODITY_ICON_MATCH,,
ITEM,100506,SCARGAI,3000291,100506,3000291,FOUND,TG_Shop.upk,DIRECT_COMMODITY_ICON_MATCH,,
ITEM,100507,M4A1_AFM,3000191,100507,3000191,FOUND,TG_Shop.upk,DIRECT_COMMODITY_ICON_MATCH,,
ITEM,100508,F2000,3000187,100508,3000187,FOUND,TG_Shop.upk,DIRECT_COMMODITY_ICON_MATCH,,
ITEM,100509,OTS14,3000303,100509,3000303,FOUND,TG_Shop.upk,DIRECT_COMMODITY_ICON_MATCH,,
ITEM,100510,FAMASGAI,3000211,100510,3000211,FOUND,TG_Shop.upk,DIRECT_COMMODITY_ICON_MATCH,,
ITEM,100511,UZI,3000130,100511,3000130,FOUND,TG_Shop.upk,DIRECT_COMMODITY_ICON_MATCH,,
ITEM,100512,K92F,3000236,100512,3000236,FOUND,TG_Shop.upk,DIRECT_COMMODITY_ICON_MATCH,,
ITEM,100513,MUAL,3000357,100513,3000357,FOUND,TG_Shop.upk,DIRECT_COMMODITY_ICON_MATCH,,
ITEM,100514,M60oet,3000488,100514,3000488,FOUND,TG_Shop.upk,DIRECT_COMMODITY_ICON_MATCH,,
ITEM,100515,Minimioet,3000489,100515,3000489,FOUND,TG_Shop.upk,DIRECT_COMMODITY_ICON_MATCH,,
ITEM,100516,QJY88oet,3000490,100516,3000490,FOUND,TG_Shop.upk,DIRECT_COMMODITY_ICON_MATCH,,
ITEM,100517,PVESkill23,1000064,100517,1000064,FOUND,TG_Shop.upk,DIRECT_COMMODITY_ICON_MATCH,,
ITEM,100518,PVESkill24,1000065,100518,,FOUND,TG_Shop.upk,NO_DIRECT_COMMODITY_CROSSCHECK,,
ITEM,100521,FALdust,3000491,100521,3000491,FOUND,TG_Shop.upk,DIRECT_COMMODITY_ICON_MATCH,,
ITEM,100522,M4A1_AFM,3000191,100522,3000191,FOUND,TG_Shop.upk,DIRECT_COMMODITY_ICON_MATCH,,
ITEM,100523,F2000,3000187,100523,3000187,FOUND,TG_Shop.upk,DIRECT_COMMODITY_ICON_MATCH,,
ITEM,100524,M4A1_SCM,3000190,100524,3000190,FOUND,TG_Shop.upk,DIRECT_COMMODITY_ICON_MATCH,,
ITEM,100525,DSR1,3000356,100525,3000356,FOUND,TG_Shop.upk,DIRECT_COMMODITY_ICON_MATCH,,
ITEM,100527,女警腰部1【黑天使战斗腰带】,3000498,100527,3000498,FOUND,TG_Shop.upk,DIRECT_COMMODITY_ICON_MATCH,,
ITEM,100528,头盔(女警2)【黑天使战斗耳机】,3000499,100528,3000499,FOUND,TG_Shop.upk,DIRECT_COMMODITY_ICON_MATCH,,
ITEM,100529,面部(女警2)【黑天使战术眼镜】,3000500,100529,3000500,FOUND,TG_Shop.upk,DIRECT_COMMODITY_ICON_MATCH,,
ITEM,100530,腰部(女警2)【默认腰带】,3000501,100530,,NOT_FOUND_IN_SCANNED_PACKAGES,,NO_DIRECT_COMMODITY_CROSSCHECK,,
ITEM,100531,变异血清,3000502,100531,3000502,FOUND,TG_Shop.upk,DIRECT_COMMODITY_ICON_MATCH,,
ITEM,100532,基因增强,3000503,100532,3000503,FOUND,TG_Shop.upk,DIRECT_COMMODITY_ICON_MATCH,,
ITEM,100533,进化基因,3000504,100533,3000504,FOUND,TG_Shop.upk,DIRECT_COMMODITY_ICON_MATCH,,
ITEM,100534,KACSAW_dust,3000507,100534,3000507,FOUND,TG_Shop.upk,DIRECT_COMMODITY_ICON_MATCH,,
ITEM,100536,AUGA3,3000509,100536,3000509,FOUND,TG_Shop.upk,DIRECT_COMMODITY_ICON_MATCH,,
ITEM,100537,C级超级机甲执照,3000510,100537,3000510,FOUND,TG_Shop.upk,DIRECT_COMMODITY_ICON_MATCH,,
ITEM,100540,BoxGlove_XD,3000513,100540,3000513,FOUND,TG_Shop.upk,DIRECT_COMMODITY_ICON_MATCH,,
ITEM,100541,QBZ95gold,3000514,100541,3000514,FOUND,TG_Shop.upk,DIRECT_COMMODITY_ICON_MATCH,,
ITEM,100542,AR15gold,3000515,100542,3000515,FOUND,TG_Shop.upk,DIRECT_COMMODITY_ICON_MATCH,,
ITEM,100543,M95gold,3000516,100543,3000516,FOUND,TG_Shop.upk,DIRECT_COMMODITY_ICON_MATCH,,
ITEM,100544,Jhammergold,3000517,100544,3000517,FOUND,TG_Shop.upk,DIRECT_COMMODITY_ICON_MATCH,,
ITEM,100545,MK4gold,3000518,100545,3000518,FOUND,TG_Shop.upk,DIRECT_COMMODITY_ICON_MATCH,,
ITEM,100547,HKG11,3000520,100547,3000520,FOUND,TG_Shop.upk,DIRECT_COMMODITY_ICON_MATCH,,
ITEM,100549,头盔（女匪2）,3000522,100549,3000522,FOUND,TG_Shop.upk,DIRECT_COMMODITY_ICON_MATCH,,
ITEM,100550,面部（女匪2）,3000523,100550,3000523,FOUND,TG_Shop.upk,DIRECT_COMMODITY_ICON_MATCH,,
ITEM,100551,腰部（女匪2）,3000524,100551,3000524,FOUND,TG_Shop.upk,DIRECT_COMMODITY_ICON_MATCH,,
ITEM,100554,MSRgame,3000527,100554,3000527,FOUND,TG_Shop.upk,DIRECT_COMMODITY_ICON_MATCH,,
ITEM,100555,M4A1game,3000528,100555,3000528,FOUND,TG_Shop.upk,DIRECT_COMMODITY_ICON_MATCH,,
ITEM,100556,HEgame,3000529,100556,3000529,FOUND,TG_Shop.upk,DIRECT_COMMODITY_ICON_MATCH,,
ITEM,100557,DEgame,3000530,100557,3000530,FOUND,TG_Shop.upk,DIRECT_COMMODITY_ICON_MATCH,,
ITEM,100558,MK2game,3000531,100558,3000531,FOUND,TG_Shop.upk,DIRECT_COMMODITY_ICON_MATCH,,
ITEM,100561,Musa,3000535,100561,,FOUND,TG_Shop.upk,NO_DIRECT_COMMODITY_CROSSCHECK,,
ITEM,100562,Musa默认头部,0,100562,,ZERO_ICON_ID,,ZERO_ICON_ID,,
ITEM,100563,HK416,3000536,100563,3000536,FOUND,TG_Shop.upk,DIRECT_COMMODITY_ICON_MATCH,,
ITEM,100564,AK12,3000537,100564,3000537,FOUND,TG_Shop.upk,DIRECT_COMMODITY_ICON_MATCH,,
ITEM,100565,TPG1,3000538,100565,3000538,FOUND,TG_Shop.upk,DIRECT_COMMODITY_ICON_MATCH,,
ITEM,100566,300NZ点抵扣券,3000539,100566,3000539,FOUND,TG_Shop.upk,DIRECT_COMMODITY_ICON_MATCH,,
ITEM,100567,500NZ点抵扣券,3000540,100567,3000540,FOUND,TG_Shop.upk,DIRECT_COMMODITY_ICON_MATCH,,
ITEM,100568,女鬼隐身道具,3000541,100568,3000541,FOUND,TG_Shop.upk,DIRECT_COMMODITY_ICON_MATCH,,
ITEM,100569,FN57,3000545,100569,3000545,FOUND,TG_Shop.upk,DIRECT_COMMODITY_ICON_MATCH,,
ITEM,100573,儿童节喷漆（1）,3000549,100573,3000549,FOUND,TG_Shop.upk,DIRECT_COMMODITY_ICON_MATCH,,
ITEM,100574,儿童节喷漆（2）,3000550,100574,3000550,FOUND,TG_Shop.upk,DIRECT_COMMODITY_ICON_MATCH,,
ITEM,100575,ActiveSkilType_ChangeToHero,3000551,100575,3000551,FOUND,TG_Shop.upk,DIRECT_COMMODITY_ICON_MATCH,,
ITEM,100576,PassiveSkilType_HappyShooting,3000552,100576,3000552,FOUND,TG_Shop.upk,DIRECT_COMMODITY_ICON_MATCH,,
ITEM,100578,PassiveSkilType_HandOfJustice,3000554,100578,3000554,FOUND,TG_Shop.upk,DIRECT_COMMODITY_ICON_MATCH,,
ITEM,100580,PassiveSkilType_BloodyStrike,3000556,100580,3000556,FOUND,TG_Shop.upk,DIRECT_COMMODITY_ICON_MATCH,,
ITEM,100581,AEKunlimited,3000557,100581,3000557,FOUND,TG_Shop.upk,DIRECT_COMMODITY_ICON_MATCH,,
ITEM,100583,1NZ点,3000559,100583,3000559,FOUND,TG_Shop.upk,DIRECT_COMMODITY_ICON_MATCH,,
ITEM,100584,1月券,3000560,100584,3000560,FOUND,TG_Shop.upk,DIRECT_COMMODITY_ICON_MATCH,,
ITEM,100585,1经验,3000561,100585,3000561,FOUND,TG_Shop.upk,DIRECT_COMMODITY_ICON_MATCH,,
ITEM,100587,HolyCircle,3000563,100587,3000563,FOUND,TG_Shop.upk,DIRECT_COMMODITY_ICON_MATCH,,
ITEM,100588,头部（musa）,3000564,100588,3000564,FOUND,TG_Shop.upk,DIRECT_COMMODITY_ICON_MATCH,,
ITEM,100589,面部（musa）,3000565,100589,3000565,FOUND,TG_Shop.upk,DIRECT_COMMODITY_ICON_MATCH,,
ITEM,100590,腰部（musa）,3000566,100590,3000566,FOUND,TG_Shop.upk,DIRECT_COMMODITY_ICON_MATCH,,
ITEM,100591,塔防专家卡,3000567,100591,3000567,FOUND,TG_Shop.upk,DIRECT_COMMODITY_ICON_MATCH,,
ITEM,100592,坦克道具卡,3000568,100592,3000568,FOUND,TG_Shop.upk,DIRECT_COMMODITY_ICON_MATCH,,
ITEM,100593,sigACP,3000569,100593,3000569,FOUND,TG_Shop.upk,DIRECT_COMMODITY_ICON_MATCH,,
ITEM,100594,Arx160,3000570,100594,3000570,FOUND,TG_Shop.upk,DIRECT_COMMODITY_ICON_MATCH,,
ITEM,100595,Knuckle,3000571,100595,3000571,FOUND,TG_Shop.upk,DIRECT_COMMODITY_ICON_MATCH,,
ITEM,100596,MSR_G,3000527,100596,3000527,FOUND,TG_Shop.upk,DIRECT_COMMODITY_ICON_MATCH,,
ITEM,100597,M4A1_G,3000528,100597,3000528,FOUND,TG_Shop.upk,DIRECT_COMMODITY_ICON_MATCH,,
ITEM,100598,DE_G,3000530,100598,3000530,FOUND,TG_Shop.upk,DIRECT_COMMODITY_ICON_MATCH,,
ITEM,100599,ada,3000575,100599,,FOUND,TG_Shop.upk,NO_DIRECT_COMMODITY_CROSSCHECK,,
ITEM,100600,claire,3000576,100600,,FOUND,TG_Shop.upk,NO_DIRECT_COMMODITY_CROSSCHECK,,
ITEM,100601,头发（ada）,0,100601,,ZERO_ICON_ID,,ZERO_ICON_ID,,
ITEM,100602,头发（claire）,0,100602,,ZERO_ICON_ID,,ZERO_ICON_ID,,
ITEM,100603,SCARDJ,3000572,100603,3000572,FOUND,TG_Shop.upk,DIRECT_COMMODITY_ICON_MATCH,,
ITEM,100604,M249D,3000573,100604,3000573,FOUND,TG_Shop.upk,DIRECT_COMMODITY_ICON_MATCH,,
ITEM,100605,DE_D,3000574,100605,3000574,FOUND,TG_Shop.upk,DIRECT_COMMODITY_ICON_MATCH,,
ITEM,100606,头盔（女匪3）,3000577,100606,3000577,FOUND,TG_Shop.upk,DIRECT_COMMODITY_ICON_MATCH,,
ITEM,100607,面部（女匪3）,3000578,100607,3000578,FOUND,TG_Shop.upk,DIRECT_COMMODITY_ICON_MATCH,,
ITEM,100608,腰部（女匪3）,3000579,100608,3000579,FOUND,TG_Shop.upk,DIRECT_COMMODITY_ICON_MATCH,,
ITEM,100609,头盔（女警3）,3000580,100609,3000580,FOUND,TG_Shop.upk,DIRECT_COMMODITY_ICON_MATCH,,
ITEM,100610,面部（女警3）,3000581,100610,3000581,FOUND,TG_Shop.upk,DIRECT_COMMODITY_ICON_MATCH,,
ITEM,100611,腰部（女警3）,3000582,100611,3000582,FOUND,TG_Shop.upk,DIRECT_COMMODITY_ICON_MATCH,,
ITEM,100612,2500NZ点购物券,3000583,100612,3000583,FOUND,TG_Shop.upk,DIRECT_COMMODITY_ICON_MATCH,,
ITEM,100614,ActiveSkilType_SuperBaby,3000585,100614,3000585,FOUND,TG_Shop.upk,DIRECT_COMMODITY_ICON_MATCH,,
ITEM,100616,ActiveSkilType_BulletTime,3000587,100616,3000587,FOUND,TG_Shop.upk,DIRECT_COMMODITY_ICON_MATCH,,
ITEM,100617,LSAT,3000588,100617,3000588,FOUND,TG_Shop.upk,DIRECT_COMMODITY_ICON_MATCH,,
ITEM,100618,M249Fire,3000589,100618,3000589,FOUND,TG_Shop.upk,DIRECT_COMMODITY_ICON_MATCH,,
ITEM,100620,L85,3000591,100620,3000591,FOUND,TG_Shop.upk,DIRECT_COMMODITY_ICON_MATCH,,
ITEM,100621,MP5SD10,3000592,100621,3000592,FOUND,TG_Shop.upk,DIRECT_COMMODITY_ICON_MATCH,,
ITEM,100623,ZJ01,3000594,100623,,FOUND,TG_Shop.upk,NO_DIRECT_COMMODITY_CROSSCHECK,,
ITEM,100624,ShotgunFour,3000595,100624,3000595,FOUND,TG_Shop.upk,DIRECT_COMMODITY_ICON_MATCH,,
ITEM,100626,ZJ02,3000597,100626,,FOUND,TG_Shop.upk,NO_DIRECT_COMMODITY_CROSSCHECK,,
ITEM,100627,CompoundBow,3000598,100627,3000598,FOUND,TG_Shop.upk,DIRECT_COMMODITY_ICON_MATCH,,
ITEM,100628,ActiveSkilType_SuperBaby,3000585,100628,,FOUND,TG_Shop.upk,NO_DIRECT_COMMODITY_CROSSCHECK,,
ITEM,100629,ExplodeArrow,3000599,100629,3000599,FOUND,TG_Shop.upk,DIRECT_COMMODITY_ICON_MATCH,,
ITEM,100630,白富美喷漆,3000607,100630,3000607,NOT_FOUND_IN_SCANNED_PACKAGES,,DIRECT_COMMODITY_ICON_MATCH,,
ITEM,100631,高富帅喷漆,3000601,100631,3000601,NOT_FOUND_IN_SCANNED_PACKAGES,,DIRECT_COMMODITY_ICON_MATCH,,
ITEM,100632,1QB,3000602,100632,3000602,FOUND,TG_Shop.upk,DIRECT_COMMODITY_ICON_MATCH,,
ITEM,100633,10QB,3000603,100633,3000603,FOUND,TG_Shop.upk,DIRECT_COMMODITY_ICON_MATCH,,
ITEM,100634,50QB,3000604,100634,3000604,FOUND,TG_Shop.upk,DIRECT_COMMODITY_ICON_MATCH,,
ITEM,100635,100QB,3000605,100635,3000605,FOUND,TG_Shop.upk,DIRECT_COMMODITY_ICON_MATCH,,
ITEM,100636,ActiveSkilType_BulletTime,3000587,100636,,FOUND,TG_Shop.upk,NO_DIRECT_COMMODITY_CROSSCHECK,,
ITEM,100638,M107,3000608,100638,3000608,FOUND,TG_Shop.upk,DIRECT_COMMODITY_ICON_MATCH,,
ITEM,100639,Mini14,3000609,100639,3000609,FOUND,TG_Shop.upk,DIRECT_COMMODITY_ICON_MATCH,,
ITEM,100640,ACE,3000610,100640,3000610,FOUND,TG_Shop.upk,DIRECT_COMMODITY_ICON_MATCH,,
ITEM,100642,M1911,3000612,100642,3000612,FOUND,TG_Shop.upk,DIRECT_COMMODITY_ICON_MATCH,,
ITEM,100643,nailbat,3000613,100643,3000613,FOUND,TG_Shop.upk,DIRECT_COMMODITY_ICON_MATCH,,
ITEM,100644,2QB,3000614,100644,3000614,FOUND,TG_Shop.upk,DIRECT_COMMODITY_ICON_MATCH,,
ITEM,100645,头发（张杰）,0,100645,,ZERO_ICON_ID,,ZERO_ICON_ID,,
ITEM,100646,RPKM,3000615,100646,3000615,FOUND,TG_Shop.upk,DIRECT_COMMODITY_ICON_MATCH,,
ITEM,100647,KukriTGold,3000616,100647,3000616,FOUND,TG_Shop.upk,DIRECT_COMMODITY_ICON_MATCH,,
ITEM,100648,头发（新张杰匪）,0,100648,,ZERO_ICON_ID,,ZERO_ICON_ID,,
ITEM,100649,眼镜（新张杰匪）,0,100649,,ZERO_ICON_ID,,ZERO_ICON_ID,,
ITEM,100680,幸运子弹E,3000647,100680,3000647,FOUND,TG_Shop.upk,DIRECT_COMMODITY_ICON_MATCH,,
ITEM,110001,AK74U_KOS,3010001,110001,3010001,FOUND,TG_Shop.upk,DIRECT_COMMODITY_ICON_MATCH,,
ITEM,110002,AR15_KOS,3010002,110002,3010002,FOUND,TG_Shop.upk,DIRECT_COMMODITY_ICON_MATCH,,
ITEM,110003,AUG,3000031,110003,3000031,FOUND,TG_Shop.upk,DIRECT_COMMODITY_ICON_MATCH,,
ITEM,110004,SCAR_PHL,3010004,110004,3010006,NOT_FOUND_IN_SCANNED_PACKAGES,,DIRECT_COMMODITY_ICON_DIFFERS,3010006,unique direct single-item commodity icon present in scanned packages
ITEM,110005,BoxGlove_PHL,3010005,110005,3010005,FOUND,TG_Shop.upk,DIRECT_COMMODITY_ICON_MATCH,,
ITEM,300002,GhostArmy手部,,300002,,NO_ICON_FIELD,,NO_ICON_FIELD,,
ITEM,300003,GhostArmy上身,,300003,,NO_ICON_FIELD,,NO_ICON_FIELD,,
ITEM,300012,Variance手部,,300012,,NO_ICON_FIELD,,NO_ICON_FIELD,,
ITEM,300013,Variance上身,,300013,,NO_ICON_FIELD,,NO_ICON_FIELD,,
ITEM,300017,DJMan02哥手部,,300017,,NO_ICON_FIELD,,NO_ICON_FIELD,,
ITEM,300018,DJMan02哥上身,,300018,,NO_ICON_FIELD,,NO_ICON_FIELD,,
ITEM,300022,BaseArmy手部,,300022,,NO_ICON_FIELD,,NO_ICON_FIELD,,
ITEM,300023,BaseArmy上身,,300023,,NO_ICON_FIELD,,NO_ICON_FIELD,,
ITEM,300027,Russian手部,,300027,,NO_ICON_FIELD,,NO_ICON_FIELD,,
ITEM,300028,Russian上身,,300028,,NO_ICON_FIELD,,NO_ICON_FIELD,,
ITEM,300032,Coolman手部,,300032,,NO_ICON_FIELD,,NO_ICON_FIELD,,
ITEM,300033,Coolman上身,,300033,,NO_ICON_FIELD,,NO_ICON_FIELD,,
ITEM,300037,PLA手部,,300037,,NO_ICON_FIELD,,NO_ICON_FIELD,,
ITEM,300038,PLA上身,,300038,,NO_ICON_FIELD,,NO_ICON_FIELD,,
ITEM,300042,EN手部,,300042,,NO_ICON_FIELD,,NO_ICON_FIELD,,
ITEM,300043,EN上身,,300043,,NO_ICON_FIELD,,NO_ICON_FIELD,,
ITEM,300047,Angel手部,,300047,,NO_ICON_FIELD,,NO_ICON_FIELD,,
ITEM,300048,Angel上身,,300048,,NO_ICON_FIELD,,NO_ICON_FIELD,,
ITEM,300052,Press手部,,300052,,NO_ICON_FIELD,,NO_ICON_FIELD,,
ITEM,300053,Press上身,,300053,,NO_ICON_FIELD,,NO_ICON_FIELD,,
ITEM,300057,Racer手部,,300057,,NO_ICON_FIELD,,NO_ICON_FIELD,,
ITEM,300058,Racer上身,,300058,,NO_ICON_FIELD,,NO_ICON_FIELD,,
ITEM,300062,JAY手部,,300062,,NO_ICON_FIELD,,NO_ICON_FIELD,,
ITEM,300063,JAY上身,,300063,,NO_ICON_FIELD,,NO_ICON_FIELD,,
ITEM,300067,Nicholas手部,,300067,,NO_ICON_FIELD,,NO_ICON_FIELD,,
ITEM,300068,Nicholas上身,,300068,,NO_ICON_FIELD,,NO_ICON_FIELD,,
ITEM,300072,Swat手部,,300072,,NO_ICON_FIELD,,NO_ICON_FIELD,,
ITEM,300073,Swat上身,,300073,,NO_ICON_FIELD,,NO_ICON_FIELD,,
ITEM,300077,Vasily手部,,300077,,NO_ICON_FIELD,,NO_ICON_FIELD,,
ITEM,300078,Vasily上身,,300078,,NO_ICON_FIELD,,NO_ICON_FIELD,,
ITEM,300082,Murphy手部,,300082,,NO_ICON_FIELD,,NO_ICON_FIELD,,
ITEM,300083,Murphy上身,,300083,,NO_ICON_FIELD,,NO_ICON_FIELD,,
ITEM,300087,Charlie手部,,300087,,NO_ICON_FIELD,,NO_ICON_FIELD,,
ITEM,300088,Charlie上身,,300088,,NO_ICON_FIELD,,NO_ICON_FIELD,,
ITEM,300092,Bella手部,,300092,,NO_ICON_FIELD,,NO_ICON_FIELD,,
ITEM,300093,Bella上身,,300093,,NO_ICON_FIELD,,NO_ICON_FIELD,,
ITEM,300107,Lena 手部,,300107,,NO_ICON_FIELD,,NO_ICON_FIELD,,
ITEM,300108,Lena 上身,,300108,,NO_ICON_FIELD,,NO_ICON_FIELD,,
ITEM,300112,Runa 手部,,300112,,NO_ICON_FIELD,,NO_ICON_FIELD,,
ITEM,300113,Runa 上身,,300113,,NO_ICON_FIELD,,NO_ICON_FIELD,,
ITEM,300117,Musa 手部,,300117,,NO_ICON_FIELD,,NO_ICON_FIELD,,
ITEM,300118,Musa 上身,,300118,,NO_ICON_FIELD,,NO_ICON_FIELD,,
ITEM,300119,ada 手部,,300119,,NO_ICON_FIELD,,NO_ICON_FIELD,,
ITEM,300120,ada 上身,,300120,,NO_ICON_FIELD,,NO_ICON_FIELD,,
ITEM,300121,claire 手部,,300121,,NO_ICON_FIELD,,NO_ICON_FIELD,,
ITEM,300122,claire 上身,,300122,,NO_ICON_FIELD,,NO_ICON_FIELD,,
ITEM,300123,ZJ01 手部,,300123,,NO_ICON_FIELD,,NO_ICON_FIELD,,
ITEM,300124,ZJ01 上身,,300124,,NO_ICON_FIELD,,NO_ICON_FIELD,,
ITEM,300125,ZJ02 手部,,300125,,NO_ICON_FIELD,,NO_ICON_FIELD,,
ITEM,300126,ZJ02 上身,,300126,,NO_ICON_FIELD,,NO_ICON_FIELD,,
ITEM,300102,FashionArmy手部,,300102,,NO_ICON_FIELD,,NO_ICON_FIELD,,
ITEM,300103,FashionArmy上身,,300103,,NO_ICON_FIELD,,NO_ICON_FIELD,,
COMMODITY,200001,M4A1 [AF],3000001,100001,3000001,FOUND,TG_Shop.upk,SINGLE_ITEM_ICON_MATCH,,
COMMODITY,200002,AK47-R ,3000002,100002,3000002,FOUND,TG_Shop.upk,SINGLE_ITEM_ICON_MATCH,,
COMMODITY,200003,MP5 ,3000003,100003,3000003,FOUND,TG_Shop.upk,SINGLE_ITEM_ICON_MATCH,,
COMMODITY,200004,Remington MSR ,3000004,100004,3000004,FOUND,TG_Shop.upk,SINGLE_ITEM_ICON_MATCH,,
COMMODITY,200005,Desert Eagle ,3000005,100005,3000005,FOUND,TG_Shop.upk,SINGLE_ITEM_ICON_MATCH,,
COMMODITY,200006,AK47 [AF],3000006,100006,3000006,FOUND,TG_Shop.upk,SINGLE_ITEM_ICON_MATCH,,
COMMODITY,200007,Benelli Nova,3000007,100007,3000007,FOUND,TG_Shop.upk,SINGLE_ITEM_ICON_MATCH,,
COMMODITY,200008,M249,3000008,100008,3000008,FOUND,TG_Shop.upk,SINGLE_ITEM_ICON_MATCH,,
COMMODITY,200009,USP,3000009,100009,3000009,FOUND,TG_Shop.upk,SINGLE_ITEM_ICON_MATCH,,
COMMODITY,200010,Frag Grenade,3000010,100010,3000010,FOUND,TG_Shop.upk,SINGLE_ITEM_ICON_MATCH,,
COMMODITY,200011,Flashbang,3000011,100011,3000011,FOUND,TG_Shop.upk,SINGLE_ITEM_ICON_MATCH,,
COMMODITY,200012,Smoke Bomb,3000012,100012,3000012,FOUND,TG_Shop.upk,SINGLE_ITEM_ICON_MATCH,,
COMMODITY,200019,Falcon,3000019,100016;300012;300013;100023,3000019;3000081,FOUND,TG_Shop.upk,BUNDLE,,
COMMODITY,200020,SCAR,3000020,100027,3000020,FOUND,TG_Shop.upk,SINGLE_ITEM_ICON_MATCH,,
COMMODITY,200021,Bulletproof Helmet,3000021,100032,3000021,FOUND,TG_Shop.upk,SINGLE_ITEM_ICON_MATCH,,
COMMODITY,200022,Bulletproof Vest,3000022,100033,3000022,FOUND,TG_Shop.upk,SINGLE_ITEM_ICON_MATCH,,
COMMODITY,200026,No.3 Backpack,3000026,100035,3000026,FOUND,TG_Shop.upk,SINGLE_ITEM_ICON_MATCH,,
COMMODITY,200027,No.4 Backpack,3000027,100036,3000027,FOUND,TG_Shop.upk,SINGLE_ITEM_ICON_MATCH,,
COMMODITY,200028,No.5 Backpack,3000028,100037,3000028,FOUND,TG_Shop.upk,SINGLE_ITEM_ICON_MATCH,,
COMMODITY,200029,Dutch,3000029,100069;300032;300033;100322,3000029,FOUND,TG_Shop.upk,BUNDLE,,
COMMODITY,200031,Steyr Aug A1,3000031,100041,3000031,FOUND,TG_Shop.upk,SINGLE_ITEM_ICON_MATCH,,
COMMODITY,200032,Borders a badge ,3000032,200001,,NOT_FOUND_IN_SCANNED_PACKAGES,,ITEM_NOT_IN_ITEM_CATALOG,,
COMMODITY,200033,Badges border 2 ,3000033,200002,,NOT_FOUND_IN_SCANNED_PACKAGES,,ITEM_NOT_IN_ITEM_CATALOG,,
COMMODITY,200034,Badges border 3 ,3000034,200003,,NOT_FOUND_IN_SCANNED_PACKAGES,,ITEM_NOT_IN_ITEM_CATALOG,,
COMMODITY,200035,Badges border 4 ,3000035,200004,,NOT_FOUND_IN_SCANNED_PACKAGES,,ITEM_NOT_IN_ITEM_CATALOG,,
COMMODITY,200036,Badges border 5 ,3000036,200005,,NOT_FOUND_IN_SCANNED_PACKAGES,,ITEM_NOT_IN_ITEM_CATALOG,,
COMMODITY,200037,Badges border 6 ,3000037,200006,,NOT_FOUND_IN_SCANNED_PACKAGES,,ITEM_NOT_IN_ITEM_CATALOG,,
COMMODITY,200038,Badges Borders 7 ,3000038,200007,,NOT_FOUND_IN_SCANNED_PACKAGES,,ITEM_NOT_IN_ITEM_CATALOG,,
COMMODITY,200039,Badges Borders 8 ,3000039,200008,,NOT_FOUND_IN_SCANNED_PACKAGES,,ITEM_NOT_IN_ITEM_CATALOG,,
COMMODITY,200040,Badges border 9 ,3000040,200009,,NOT_FOUND_IN_SCANNED_PACKAGES,,ITEM_NOT_IN_ITEM_CATALOG,,
COMMODITY,200041,Badges border 10 ,3000041,200010,,NOT_FOUND_IN_SCANNED_PACKAGES,,ITEM_NOT_IN_ITEM_CATALOG,,
COMMODITY,200042,Insignia 1 ,3000042,210001,,NOT_FOUND_IN_SCANNED_PACKAGES,,ITEM_NOT_IN_ITEM_CATALOG,,
COMMODITY,200043,Insignia 2 ,3000043,210002,,NOT_FOUND_IN_SCANNED_PACKAGES,,ITEM_NOT_IN_ITEM_CATALOG,,
COMMODITY,200044,Insignia 3 ,3000044,210003,,NOT_FOUND_IN_SCANNED_PACKAGES,,ITEM_NOT_IN_ITEM_CATALOG,,
COMMODITY,200045,Insignia 4 ,3000045,210004,,NOT_FOUND_IN_SCANNED_PACKAGES,,ITEM_NOT_IN_ITEM_CATALOG,,
COMMODITY,200046,Insignia 5 ,3000046,210005,,NOT_FOUND_IN_SCANNED_PACKAGES,,ITEM_NOT_IN_ITEM_CATALOG,,
COMMODITY,200047,Insignia 6 ,3000047,210006,,NOT_FOUND_IN_SCANNED_PACKAGES,,ITEM_NOT_IN_ITEM_CATALOG,,
COMMODITY,200048,Insignia 7 ,3000048,210007,,NOT_FOUND_IN_SCANNED_PACKAGES,,ITEM_NOT_IN_ITEM_CATALOG,,
COMMODITY,200049,Insignia 8 ,3000049,210008,,NOT_FOUND_IN_SCANNED_PACKAGES,,ITEM_NOT_IN_ITEM_CATALOG,,
COMMODITY,200050,Insignia 9 ,3000050,210009,,NOT_FOUND_IN_SCANNED_PACKAGES,,ITEM_NOT_IN_ITEM_CATALOG,,
COMMODITY,200051,Insignia 10 ,3000051,210010,,NOT_FOUND_IN_SCANNED_PACKAGES,,ITEM_NOT_IN_ITEM_CATALOG,,
COMMODITY,200052,Background a badge ,3000052,220001,,NOT_FOUND_IN_SCANNED_PACKAGES,,ITEM_NOT_IN_ITEM_CATALOG,,
COMMODITY,200053,Badges Background 2 ,3000053,220002,,NOT_FOUND_IN_SCANNED_PACKAGES,,ITEM_NOT_IN_ITEM_CATALOG,,
COMMODITY,200054,Badges background 3 ,3000054,220003,,NOT_FOUND_IN_SCANNED_PACKAGES,,ITEM_NOT_IN_ITEM_CATALOG,,
COMMODITY,200055,Badge background 4 ,3000055,220004,,NOT_FOUND_IN_SCANNED_PACKAGES,,ITEM_NOT_IN_ITEM_CATALOG,,
COMMODITY,200056,Badges background 5 ,3000056,220005,,NOT_FOUND_IN_SCANNED_PACKAGES,,ITEM_NOT_IN_ITEM_CATALOG,,
COMMODITY,200057,Badges background 6 ,3000057,220006,,NOT_FOUND_IN_SCANNED_PACKAGES,,ITEM_NOT_IN_ITEM_CATALOG,,
COMMODITY,200058,Badges background 7 ,3000058,220007,,NOT_FOUND_IN_SCANNED_PACKAGES,,ITEM_NOT_IN_ITEM_CATALOG,,
COMMODITY,200059,Badges background 8 ,3000059,220008,,NOT_FOUND_IN_SCANNED_PACKAGES,,ITEM_NOT_IN_ITEM_CATALOG,,
COMMODITY,200060,Badges background 9 ,3000060,220009,,NOT_FOUND_IN_SCANNED_PACKAGES,,ITEM_NOT_IN_ITEM_CATALOG,,
COMMODITY,200061,Badges Background 10 ,3000061,220010,,NOT_FOUND_IN_SCANNED_PACKAGES,,ITEM_NOT_IN_ITEM_CATALOG,,
COMMODITY,200062,Speakers,3000062,100054,3000062,FOUND,TG_Shop.upk,SINGLE_ITEM_ICON_MATCH,,
COMMODITY,200064,Arctic WM,3000064,100056,3000064,FOUND,TG_Shop.upk,SINGLE_ITEM_ICON_MATCH,,
COMMODITY,200065,Barett M95,3000065,100057,3000065,FOUND,TG_Shop.upk,SINGLE_ITEM_ICON_MATCH,,
COMMODITY,200066,Jungle Bolo,3000066,100058,3000066,FOUND,TG_Shop.upk,SINGLE_ITEM_ICON_MATCH,,
COMMODITY,200067,Regular EXP Bonus Card,3000067,100059,3000067,FOUND,TG_Shop.upk,SINGLE_ITEM_ICON_MATCH,,
COMMODITY,200068,Advance EXP Bonus Card,3000068,100060,3000068,FOUND,TG_Shop.upk,SINGLE_ITEM_ICON_MATCH,,
COMMODITY,200069,Jason,3000069,100061;300022;300023;100325,3000069,FOUND,TG_Shop.upk,BUNDLE,,
COMMODITY,200070,Yuri,3000070,100062;300027;300028,3000070,FOUND,TG_Shop.upk,BUNDLE,,
COMMODITY,200071,HK G3/SG2,3000071,100064,3000071,FOUND,TG_Shop.upk,SINGLE_ITEM_ICON_MATCH,,
COMMODITY,200074,RPK,3000074,100068,3000074,FOUND,TG_Shop.upk,SINGLE_ITEM_ICON_MATCH,,
COMMODITY,200075,Advance Combat Helmet (Chief),3000075,100017,3000075,FOUND,TG_Shop.upk,SINGLE_ITEM_ICON_MATCH,,
COMMODITY,200076,M44 Gas Mask (Chief),3000076,100018,3000076,FOUND,TG_Shop.upk,SINGLE_ITEM_ICON_MATCH,,
COMMODITY,200077,Portable Belt (Chief),3000077,100019,3000077,FOUND,TG_Shop.upk,SINGLE_ITEM_ICON_MATCH,,
COMMODITY,200082,Electronic Eye (Falcon),3000082,100024,3000082,FOUND,TG_Shop.upk,SINGLE_ITEM_ICON_MATCH,,
COMMODITY,200083,Hunting Belt (Falcon),3000083,100025,3000083,FOUND,TG_Shop.upk,SINGLE_ITEM_ICON_MATCH,,
COMMODITY,200086,Sting Belt (Mac),3000086,100031,3000086,FOUND,TG_Shop.upk,SINGLE_ITEM_ICON_MATCH,,
COMMODITY,200087,MAC,3000087,100028;100029;100030;300017;300018,3000084;3000085;3000087,FOUND,TG_Shop.upk,BUNDLE,,
COMMODITY,200088,Chief,3000088,100014;300002;300003,3000088,FOUND,TG_Shop.upk,BUNDLE,,
COMMODITY,200089,QBZ-95,3000089,100070,3000089,FOUND,TG_Shop.upk,SINGLE_ITEM_ICON_MATCH,,
COMMODITY,200090,Remington 700,3000090,100071,3000090,FOUND,TG_Shop.upk,SINGLE_ITEM_ICON_MATCH,,
COMMODITY,200091,Tauras M608,3000091,100072,3000091,FOUND,TG_Shop.upk,SINGLE_ITEM_ICON_MATCH,,
COMMODITY,200092,AN-94,3000092,100073,3000092,FOUND,TG_Shop.upk,SINGLE_ITEM_ICON_MATCH,,
COMMODITY,200093,M60,3000093,100074,3000093,FOUND,TG_Shop.upk,SINGLE_ITEM_ICON_MATCH,,
COMMODITY,200094,FAMAS,3000094,100075,3000094,FOUND,TG_Shop.upk,SINGLE_ITEM_ICON_MATCH,,
COMMODITY,200095,SVD,3000095,100076,3000095,FOUND,TG_Shop.upk,SINGLE_ITEM_ICON_MATCH,,
COMMODITY,200096,Titanium Blackblade,3000096,100077,3000096,FOUND,TG_Shop.upk,SINGLE_ITEM_ICON_MATCH,,
COMMODITY,200097,Mountain Pick,3000097,100078,3000097,FOUND,TG_Shop.upk,SINGLE_ITEM_ICON_MATCH,,
COMMODITY,200098,HE Grenade,3000098,100079,3000098,FOUND,TG_Shop.upk,SINGLE_ITEM_ICON_MATCH,,
COMMODITY,200099,M134 Minigun,3000099,100080,3000099,FOUND,TG_Shop.upk,SINGLE_ITEM_ICON_MATCH,,
COMMODITY,200100,Respiratory Mask (Yuri),3000100,100081,3000100,FOUND,TG_Shop.upk,SINGLE_ITEM_ICON_MATCH,,
COMMODITY,200101,Military sunglasses (Jason),3000101,100082,3000101,FOUND,TG_Shop.upk,SINGLE_ITEM_ICON_MATCH,,
COMMODITY,200102,Night Vision (Yuri),3000102,100083,3000102,FOUND,TG_Shop.upk,SINGLE_ITEM_ICON_MATCH,,
COMMODITY,200103,Diving goggles (Mac),3000103,100084,3000103,FOUND,TG_Shop.upk,SINGLE_ITEM_ICON_MATCH,,
COMMODITY,200104,Wind mirrors (Chief),3000104,100085,3000104,FOUND,TG_Shop.upk,SINGLE_ITEM_ICON_MATCH,,
COMMODITY,200105,Aviator classics (Dutch),3000105,100086,3000105,FOUND,TG_Shop.upk,SINGLE_ITEM_ICON_MATCH,,
COMMODITY,200106,White framed glasses (Dutch),3000106,100087,3000106,FOUND,TG_Shop.upk,SINGLE_ITEM_ICON_MATCH,,
COMMODITY,200107,Black-rimmed glasses (Jason),3000107,100088,3000107,FOUND,TG_Shop.upk,SINGLE_ITEM_ICON_MATCH,,
COMMODITY,200108,Military combat helmet (Yuri),3000108,100089,3000108,FOUND,TG_Shop.upk,SINGLE_ITEM_ICON_MATCH,,
COMMODITY,200109,Federal cap (Yuri),3000109,100090,3000109,FOUND,TG_Shop.upk,SINGLE_ITEM_ICON_MATCH,,
COMMODITY,200110,Red lightening headscarf (Mac),3000110,100091,3000110,FOUND,TG_Shop.upk,SINGLE_ITEM_ICON_MATCH,,
COMMODITY,200111,Guardian cap (Chief),3000111,100092,3000111,FOUND,TG_Shop.upk,SINGLE_ITEM_ICON_MATCH,,
COMMODITY,200112,Vodka belt (Yuri),3000112,100093,3000112,FOUND,TG_Shop.upk,SINGLE_ITEM_ICON_MATCH,,
COMMODITY,200113,Guardian belt (Chief),3000113,100094,3000113,FOUND,TG_Shop.upk,SINGLE_ITEM_ICON_MATCH,,
COMMODITY,200114,Tactical belt (Yuri),3000114,100095,3000114,FOUND,TG_Shop.upk,SINGLE_ITEM_ICON_MATCH,,
COMMODITY,200115,DJ Gadgets (Mac),3000115,100096,3000115,FOUND,TG_Shop.upk,SINGLE_ITEM_ICON_MATCH,,
COMMODITY,200116,Striped cross belt (Dutch),3000116,100097,3000116,FOUND,TG_Shop.upk,SINGLE_ITEM_ICON_MATCH,,
COMMODITY,200117,Bullet belt (Dutch),3000117,100098,3000117,FOUND,TG_Shop.upk,SINGLE_ITEM_ICON_MATCH,,
COMMODITY,200118,AR15,3000118,100099,3000118,FOUND,TG_Shop.upk,SINGLE_ITEM_ICON_MATCH,,
COMMODITY,200119,Minimi Machine Gun,3000119,100100,3000119,FOUND,TG_Shop.upk,SINGLE_ITEM_ICON_MATCH,,
COMMODITY,200120,Police belt (Jason),3000120,100101,3000120,FOUND,TG_Shop.upk,SINGLE_ITEM_ICON_MATCH,,
COMMODITY,200121,Marching belt (Jason),3000121,100102,3000121,FOUND,TG_Shop.upk,SINGLE_ITEM_ICON_MATCH,,
COMMODITY,200122,Hunters hat (Falcon),3000122,100103,3000122,FOUND,TG_Shop.upk,SINGLE_ITEM_ICON_MATCH,,
COMMODITY,200123,Skull patch (Falcon),3000123,100104,3000123,FOUND,TG_Shop.upk,SINGLE_ITEM_ICON_MATCH,,
COMMODITY,200124,Benelli Super 90,3000124,100105,3000124,FOUND,TG_Shop.upk,SINGLE_ITEM_ICON_MATCH,,
COMMODITY,200128,P90,3000128,100111,3000128,FOUND,TG_Shop.upk,SINGLE_ITEM_ICON_MATCH,,
COMMODITY,200129,JSS Sub,3000129,100112,3000129,FOUND,TG_Shop.upk,SINGLE_ITEM_ICON_MATCH,,
COMMODITY,200130,Dual Uzi,3000130,100113,3000130,FOUND,TG_Shop.upk,SINGLE_ITEM_ICON_MATCH,,
COMMODITY,200131,FN FAL,3000131,100114,3000131,FOUND,TG_Shop.upk,SINGLE_ITEM_ICON_MATCH,,
COMMODITY,200132,Zhao,3000132,100115;300037;300038;100130,1000021;3000132,FOUND,TG_Shop.upk,BUNDLE,,
COMMODITY,200133,Special combat goggles (Zhao),3000133,100116,3000133,FOUND,TG_Shop.upk,SINGLE_ITEM_ICON_MATCH,,
COMMODITY,200134,Dust masks (Zhao),3000134,100117,3000134,FOUND,TG_Shop.upk,SINGLE_ITEM_ICON_MATCH,,
COMMODITY,200135,Spec Ops Helmet (Zhao),3000135,100118,3000135,FOUND,TG_Shop.upk,SINGLE_ITEM_ICON_MATCH,,
COMMODITY,200136,Spec Ops Fighting Cap (Zhao),3000136,100119,3000136,FOUND,TG_Shop.upk,SINGLE_ITEM_ICON_MATCH,,
COMMODITY,200137,Lightweight Belt (Zhao),3000137,100120,3000137,FOUND,TG_Shop.upk,SINGLE_ITEM_ICON_MATCH,,
COMMODITY,200138,Eastern Alliance Belt (Zhao),3000138,100121,3000138,FOUND,TG_Shop.upk,SINGLE_ITEM_ICON_MATCH,,
COMMODITY,200139,XM8,3000139,100122,3000139,FOUND,TG_Shop.upk,SINGLE_ITEM_ICON_MATCH,,
COMMODITY,200140,Omar,3000140,100123;300042;300043;100131,1000022;3000140,FOUND,TG_Shop.upk,BUNDLE,,
COMMODITY,200141,Sandy washcloth (Omar),3000141,100124,3000141,FOUND,TG_Shop.upk,SINGLE_ITEM_ICON_MATCH,,
COMMODITY,200142,Desert wolf mask (Omar),3000142,100125,3000142,FOUND,TG_Shop.upk,SINGLE_ITEM_ICON_MATCH,,
COMMODITY,200143,Guerilla Headgear (Omar),3000143,100126,3000143,FOUND,TG_Shop.upk,SINGLE_ITEM_ICON_MATCH,,
COMMODITY,200144,Arab headscarf (Omar),3000144,100127,3000144,FOUND,TG_Shop.upk,SINGLE_ITEM_ICON_MATCH,,
COMMODITY,200145,Damascus broadsword (Omar),3000145,100128,3000145,FOUND,TG_Shop.upk,SINGLE_ITEM_ICON_MATCH,,
COMMODITY,200146,Bomber belt (Omar),3000146,100129,3000146,FOUND,TG_Shop.upk,SINGLE_ITEM_ICON_MATCH,,
COMMODITY,200147,SPAS-12,3000147,100133,3000147,FOUND,TG_Shop.upk,SINGLE_ITEM_ICON_MATCH,,
COMMODITY,200148,Colt 1873,3000148,100134,3000148,FOUND,TG_Shop.upk,SINGLE_ITEM_ICON_MATCH,,
COMMODITY,200159,Grenade Pack,3000159,100143,3000159,FOUND,TG_Shop.upk,SINGLE_ITEM_ICON_MATCH,,
COMMODITY,200161,Rifle Magazine,3000161,100145,3000161,FOUND,TG_Shop.upk,SINGLE_ITEM_ICON_MATCH,,
COMMODITY,200162,Machine gun Magazine,3000162,100146,3000162,FOUND,TG_Shop.upk,SINGLE_ITEM_ICON_MATCH,,
COMMODITY,200163,Sniper Rifle magazine,3000163,100147,3000163,FOUND,TG_Shop.upk,SINGLE_ITEM_ICON_MATCH,,
COMMODITY,200164,Submachine gun Magazine,3000164,100148,3000164,FOUND,TG_Shop.upk,SINGLE_ITEM_ICON_MATCH,,
COMMODITY,200165,Shotgun Magazine,3000165,100149,3000165,FOUND,TG_Shop.upk,SINGLE_ITEM_ICON_MATCH,,
COMMODITY,200166,Pistol Magazine,3000166,100150,3000166,FOUND,TG_Shop.upk,SINGLE_ITEM_ICON_MATCH,,
COMMODITY,200169,Angel ,3000169,100153;300047;300048;100226,3000169,FOUND,TG_Shop.upk,BUNDLE,,
COMMODITY,200170,Wolf's Head Pattern,3000170,100154,3000170,FOUND,TG_Shop.upk,SINGLE_ITEM_ICON_MATCH,,
COMMODITY,200171,Lion's Head Pattern,3000171,100155,3000171,FOUND,TG_Shop.upk,SINGLE_ITEM_ICON_MATCH,,
COMMODITY,200172,Shark pattern,3000172,100156,3000172,FOUND,TG_Shop.upk,SINGLE_ITEM_ICON_MATCH,,
COMMODITY,200173,Grenade Pattern,3000173,100157,3000173,FOUND,TG_Shop.upk,SINGLE_ITEM_ICON_MATCH,,
COMMODITY,200174,Handprint,3000174,100158,3000174,FOUND,TG_Shop.upk,SINGLE_ITEM_ICON_MATCH,,
COMMODITY,200175,Dagger Pattern,3000175,100159,3000175,FOUND,TG_Shop.upk,SINGLE_ITEM_ICON_MATCH,,
COMMODITY,200176,Headshot Pattern,3000176,100160,3000176,FOUND,TG_Shop.upk,SINGLE_ITEM_ICON_MATCH,,
COMMODITY,200177,Star Pattern,3000177,100161,3000177,FOUND,TG_Shop.upk,SINGLE_ITEM_ICON_MATCH,,
COMMODITY,200178,Demon Pattern,3000178,100162,3000178,FOUND,TG_Shop.upk,SINGLE_ITEM_ICON_MATCH,,
COMMODITY,200179,Bullets Pattern,3000179,100163,3000179,FOUND,TG_Shop.upk,SINGLE_ITEM_ICON_MATCH,,
COMMODITY,200180,Gear Pattern,3000180,100164,3000180,FOUND,TG_Shop.upk,SINGLE_ITEM_ICON_MATCH,,
COMMODITY,200181,Sickle Pattern,3000181,100165,3000181,FOUND,TG_Shop.upk,SINGLE_ITEM_ICON_MATCH,,
COMMODITY,200182,Wings Pattern,3000182,100166,3000182,FOUND,TG_Shop.upk,SINGLE_ITEM_ICON_MATCH,,
COMMODITY,200183,Snake Pattern,3000183,100167,3000183,FOUND,TG_Shop.upk,SINGLE_ITEM_ICON_MATCH,,
COMMODITY,200184,Poison Pattern,3000184,100168,3000184,FOUND,TG_Shop.upk,SINGLE_ITEM_ICON_MATCH,,
COMMODITY,200185,Radiation Pattern,3000185,100169,3000185,FOUND,TG_Shop.upk,SINGLE_ITEM_ICON_MATCH,,
COMMODITY,200186,War Pattern,3000186,100170,3000186,FOUND,TG_Shop.upk,SINGLE_ITEM_ICON_MATCH,,
COMMODITY,200187,F2000,3000187,100171,3000187,FOUND,TG_Shop.upk,SINGLE_ITEM_ICON_MATCH,,
COMMODITY,200188,AK74U,3000188,100172,3000188,FOUND,TG_Shop.upk,SINGLE_ITEM_ICON_MATCH,,
COMMODITY,200190,M4A1-S,3000190,100174,3000190,FOUND,TG_Shop.upk,SINGLE_ITEM_ICON_MATCH,,
COMMODITY,200191,M4A1-H,3000191,100175,3000191,FOUND,TG_Shop.upk,SINGLE_ITEM_ICON_MATCH,,
COMMODITY,200192,M4A1-P,3000192,100176,3000192,FOUND,TG_Shop.upk,SINGLE_ITEM_ICON_MATCH,,
COMMODITY,200193,AWM-S,3000193,100177,3000193,FOUND,TG_Shop.upk,SINGLE_ITEM_ICON_MATCH,,
COMMODITY,200194,AWM-T,3000194,100178,3000194,FOUND,TG_Shop.upk,SINGLE_ITEM_ICON_MATCH,,
COMMODITY,200195,Glock 17,3000195,100179,3000195,FOUND,TG_Shop.upk,SINGLE_ITEM_ICON_MATCH,,
COMMODITY,200196,Boxing Gloves,3000196,100180,3000196,FOUND,TG_Shop.upk,SINGLE_ITEM_ICON_MATCH,,
COMMODITY,200197,Rename Card,3000197,100181,3000197,FOUND,TG_Shop.upk,SINGLE_ITEM_ICON_MATCH,,
COMMODITY,200198,K/D Record Clear Card,3000198,100182,3000198,FOUND,TG_Shop.upk,SINGLE_ITEM_ICON_MATCH,,
COMMODITY,200199,Special Ray package ,3000199,100183,3000199,FOUND,TG_Shop.upk,SINGLE_ITEM_ICON_MATCH,,
COMMODITY,200200,Rinvay,3000200,100184;300052;300053,3000200,FOUND,TG_Shop.upk,BUNDLE,,
COMMODITY,200201,Winlose clear card,3000201,100196,3000201,FOUND,TG_Shop.upk,SINGLE_ITEM_ICON_MATCH,,
COMMODITY,200202,C4 Defuse Kit,3000202,100197,3000202,FOUND,TG_Shop.upk,SINGLE_ITEM_ICON_MATCH,,
COMMODITY,200203,SIG SG 551,3000203,100198,3000203,FOUND,TG_Shop.upk,SINGLE_ITEM_ICON_MATCH,,
COMMODITY,200204,Sato,3000204,100199;300057;300058,3000204,FOUND,TG_Shop.upk,BUNDLE,,
COMMODITY,200205,Lightning Helmet (Sato),3000205,100200,3000205,FOUND,TG_Shop.upk,SINGLE_ITEM_ICON_MATCH,,
COMMODITY,200206,Rider Wind Mirrors (Sato),3000206,100201,3000206,FOUND,TG_Shop.upk,SINGLE_ITEM_ICON_MATCH,,
COMMODITY,200207,Champion Mask (Sato),3000207,100202,3000207,FOUND,TG_Shop.upk,SINGLE_ITEM_ICON_MATCH,,
COMMODITY,200208,Driver Tool Pockets (Sato),3000208,100203,3000208,FOUND,TG_Shop.upk,SINGLE_ITEM_ICON_MATCH,,
COMMODITY,200210,Extended Skills grid ,3000210,100205,3000210,FOUND,TG_Shop.upk,SINGLE_ITEM_ICON_MATCH,,
COMMODITY,200211,FAMAS-R,3000211,100206,3000211,FOUND,TG_Shop.upk,SINGLE_ITEM_ICON_MATCH,,
COMMODITY,200212,Desert Eagle-A,3000212,100207,3000212,FOUND,TG_Shop.upk,SINGLE_ITEM_ICON_MATCH,,
COMMODITY,200213,Sapper Shovel,3000213,100208,3000213,FOUND,TG_Shop.upk,SINGLE_ITEM_ICON_MATCH,,
COMMODITY,200215,Big kill magazine ,3000215,100210,3000215,FOUND,TG_Shop.upk,SINGLE_ITEM_ICON_MATCH,,
COMMODITY,200217,AR15-A ,3000217,100141,3000217,FOUND,TG_Shop.upk,SINGLE_ITEM_ICON_MATCH,,
COMMODITY,200218,CT Zaytsev-1,3000218,100214,3000218,FOUND,TG_Shop.upk,SINGLE_ITEM_ICON_MATCH,,
COMMODITY,200219,Resurrection currency ,3000219,100211,3000219,FOUND,TG_Shop.upk,SINGLE_ITEM_ICON_MATCH,,
COMMODITY,200220,Holiday grenades ,3000220,100212,3000220,FOUND,TG_Shop.upk,SINGLE_ITEM_ICON_MATCH,,
COMMODITY,200221,Insignia 11 ,3000221,210011,,NOT_FOUND_IN_SCANNED_PACKAGES,,ITEM_NOT_IN_ITEM_CATALOG,,
COMMODITY,200222,Insignia 12 ,3000222,210012,,NOT_FOUND_IN_SCANNED_PACKAGES,,ITEM_NOT_IN_ITEM_CATALOG,,
COMMODITY,200223,Insignia 13 ,3000223,210013,,NOT_FOUND_IN_SCANNED_PACKAGES,,ITEM_NOT_IN_ITEM_CATALOG,,
COMMODITY,200224,Insignia 14 ,3000224,210014,,NOT_FOUND_IN_SCANNED_PACKAGES,,ITEM_NOT_IN_ITEM_CATALOG,,
COMMODITY,200225,Insignia 15 ,3000225,210015,,NOT_FOUND_IN_SCANNED_PACKAGES,,ITEM_NOT_IN_ITEM_CATALOG,,
COMMODITY,200226,Insignia 16 ,3000226,210016,,NOT_FOUND_IN_SCANNED_PACKAGES,,ITEM_NOT_IN_ITEM_CATALOG,,
COMMODITY,200227,Insignia 17 ,3000227,210017,,NOT_FOUND_IN_SCANNED_PACKAGES,,ITEM_NOT_IN_ITEM_CATALOG,,
COMMODITY,200228,Insignia 18 ,3000228,210018,,NOT_FOUND_IN_SCANNED_PACKAGES,,ITEM_NOT_IN_ITEM_CATALOG,,
COMMODITY,200229,Insignia 19 ,3000229,210019,,NOT_FOUND_IN_SCANNED_PACKAGES,,ITEM_NOT_IN_ITEM_CATALOG,,
COMMODITY,200230,Insignia 20 ,3000230,210020,,NOT_FOUND_IN_SCANNED_PACKAGES,,ITEM_NOT_IN_ITEM_CATALOG,,
COMMODITY,200231,AR15-FELN,3000231,100215,,FOUND,TG_Shop.upk,ITEM_NOT_IN_ITEM_CATALOG,,
COMMODITY,200232,Ramirez,3000232,100216;300062;300063;100218;100323,1000041;3000232,FOUND,TG_Shop.upk,BUNDLE,,
COMMODITY,200233,Hawkins,3000233,100217;300067;300068;100219;100324,1000042;3000233,FOUND,TG_Shop.upk,BUNDLE,,
COMMODITY,200234,M4A1-M,3000234,100220,3000234,FOUND,TG_Shop.upk,SINGLE_ITEM_ICON_MATCH,,
COMMODITY,200235,Ak47-T,3000235,100221,3000235,FOUND,TG_Shop.upk,SINGLE_ITEM_ICON_MATCH,,
COMMODITY,200236,Beretta 92,3000236,100222,3000236,FOUND,TG_Shop.upk,SINGLE_ITEM_ICON_MATCH,,
COMMODITY,200237,Dragon Belt (Rinvay),3000237,100223,3000237,FOUND,TG_Shop.upk,SINGLE_ITEM_ICON_MATCH,,
COMMODITY,200238,GSDU Headset (Jason),3000238,100224,3000238,FOUND,TG_Shop.upk,SINGLE_ITEM_ICON_MATCH,,
COMMODITY,200244,India glasses (Rinvay),3000244,100230,3000244,FOUND,TG_Shop.upk,SINGLE_ITEM_ICON_MATCH,,
COMMODITY,200246,QJY-88,3000246,100232,3000246,FOUND,TG_Shop.upk,SINGLE_ITEM_ICON_MATCH,,
COMMODITY,200247,Jackhammer M3-A2,3000247,100238,3000247,FOUND,TG_Shop.upk,SINGLE_ITEM_ICON_MATCH,,
COMMODITY,200248,Army Hand Axe,3000248,100239,3000248,FOUND,TG_Shop.upk,SINGLE_ITEM_ICON_MATCH,,
COMMODITY,200249,Alien lure Ray ,3000249,100240,3000249,FOUND,TG_Shop.upk,SINGLE_ITEM_ICON_MATCH,,
COMMODITY,200250,Jetpack,3000250,100241,3000250,FOUND,TG_Shop.upk,SINGLE_ITEM_ICON_MATCH,,
COMMODITY,200251,Super Storm Mech license I ,3000251,100242,3000251,FOUND,TG_Shop.upk,SINGLE_ITEM_ICON_MATCH,,
COMMODITY,200252,Super Storm Mech license II,3000252,100243,3000252,FOUND,TG_Shop.upk,SINGLE_ITEM_ICON_MATCH,,
COMMODITY,200253,Super behemoth mech license ,3000253,100244,3000253,FOUND,TG_Shop.upk,SINGLE_ITEM_ICON_MATCH,,
COMMODITY,200254,Supply tank shells ,3000254,100245,3000254,FOUND,TG_Shop.upk,SINGLE_ITEM_ICON_MATCH,,
COMMODITY,200255,Tank armor ,3000255,100246,3000255,FOUND,TG_Shop.upk,SINGLE_ITEM_ICON_MATCH,,
COMMODITY,200263,Fool grenade ,3000263,100259,3000263,FOUND,TG_Shop.upk,SINGLE_ITEM_ICON_MATCH,,
COMMODITY,200264,QBU-88,3000264,100260,3000264,FOUND,TG_Shop.upk,SINGLE_ITEM_ICON_MATCH,,
COMMODITY,200265,UMP45,3000265,100261,3000265,FOUND,TG_Shop.upk,SINGLE_ITEM_ICON_MATCH,,
COMMODITY,200266,AK47-B,3000266,100262,3000266,FOUND,TG_Shop.upk,SINGLE_ITEM_ICON_MATCH,,
COMMODITY,200267,SWM629SH,3000267,100263,3000267,FOUND,TG_Shop.upk,SINGLE_ITEM_ICON_MATCH,,
COMMODITY,200268,Pale Lightning Helmet,3000268,100264,3000268,FOUND,TG_Shop.upk,SINGLE_ITEM_ICON_MATCH,,
COMMODITY,200269,Dragon Headband (Rinvay),3000269,100265,3000269,FOUND,TG_Shop.upk,SINGLE_ITEM_ICON_MATCH,,
COMMODITY,200270,Dragon Glasses (Rinvay),3000270,100266,3000270,FOUND,TG_Shop.upk,SINGLE_ITEM_ICON_MATCH,,
COMMODITY,200271,Beastmaster Headscarf,3000271,100267,3000271,FOUND,TG_Shop.upk,SINGLE_ITEM_ICON_MATCH,,
COMMODITY,200272,Spotted scarf (Hawkins),3000272,100268,3000272,FOUND,TG_Shop.upk,SINGLE_ITEM_ICON_MATCH,,
COMMODITY,200273,Perak Pockets (Ramirez),3000273,100269,3000273,FOUND,TG_Shop.upk,SINGLE_ITEM_ICON_MATCH,,
COMMODITY,200274,Alpha ,3000274,100270;300072;300073,3000274,FOUND,TG_Shop.upk,BUNDLE,,
COMMODITY,200275,Perak ,3000275,100271;300077;300078;100273,3000275;3000277,FOUND,TG_Shop.upk,BUNDLE,,
COMMODITY,200276,Gerbils wind mirror ,3000276,100272,3000276,FOUND,TG_Shop.upk,SINGLE_ITEM_ICON_MATCH,,
COMMODITY,200279,Alpha wind mirror ,3000279,100275,3000279,FOUND,TG_Shop.upk,SINGLE_ITEM_ICON_MATCH,,
COMMODITY,200280,Alpha Combat Helmet ,3000280,100276,3000280,FOUND,TG_Shop.upk,SINGLE_ITEM_ICON_MATCH,,
COMMODITY,200281,International Police Belt ,3000281,100277,3000281,FOUND,TG_Shop.upk,SINGLE_ITEM_ICON_MATCH,,
COMMODITY,200282,Lurking masks ,3000282,100278,3000282,FOUND,TG_Shop.upk,SINGLE_ITEM_ICON_MATCH,,
COMMODITY,200283,Latent mask (Ramirez),3000283,100279,3000283,FOUND,TG_Shop.upk,SINGLE_ITEM_ICON_MATCH,,
COMMODITY,200287,RPK-S ,3000287,100283,3000287,FOUND,TG_Shop.upk,SINGLE_ITEM_ICON_MATCH,,
COMMODITY,200288,战地MINIGUN,3000288,100284,3000288,FOUND,TG_Shop.upk,SINGLE_ITEM_ICON_MATCH,,
COMMODITY,200291,SCAR-S ,3000291,100287,3000291,FOUND,TG_Shop.upk,SINGLE_ITEM_ICON_MATCH,,
COMMODITY,200293,Labor shovel ,3000293,100289,3000293,FOUND,TG_Shop.upk,SINGLE_ITEM_ICON_MATCH,,
COMMODITY,200295,AK47 ,3000295,100291,3000295,FOUND,TG_Shop.upk,SINGLE_ITEM_ICON_MATCH,,
COMMODITY,200296,M4A1 ,3000296,100292,3000296,FOUND,TG_Shop.upk,SINGLE_ITEM_ICON_MATCH,,
COMMODITY,200297,AWM ,3000297,100293,3000297,FOUND,TG_Shop.upk,SINGLE_ITEM_ICON_MATCH,,
COMMODITY,200298,AWM-A ,3000298,100294,3000298,FOUND,TG_Shop.upk,SINGLE_ITEM_ICON_MATCH,,
COMMODITY,200302,92 pistol ,3000302,100295,3000302,FOUND,TG_Shop.upk,SINGLE_ITEM_ICON_MATCH,,
COMMODITY,200303,OTs-14 ,3000303,100296,3000303,FOUND,TG_Shop.upk,SINGLE_ITEM_ICON_MATCH,,
COMMODITY,200304,M240LW ,3000304,100297,3000304,FOUND,TG_Shop.upk,SINGLE_ITEM_ICON_MATCH,,
COMMODITY,200305,AK47-A ,3000305,100298,3000305,FOUND,TG_Shop.upk,SINGLE_ITEM_ICON_MATCH,,
COMMODITY,200310,Female fighting belt ,3000310,100303,3000310,FOUND,TG_Shop.upk,SINGLE_ITEM_ICON_MATCH,,
COMMODITY,200311,Gucci glasses ,3000311,100304,3000311,FOUND,TG_Shop.upk,SINGLE_ITEM_ICON_MATCH,,
COMMODITY,200312,Paladin cap ,3000312,100305,3000312,FOUND,TG_Shop.upk,SINGLE_ITEM_ICON_MATCH,,
COMMODITY,200314,Mutation grenade ,3000314,100307,3000314,FOUND,TG_Shop.upk,SINGLE_ITEM_ICON_MATCH,,
COMMODITY,200316,KACSAW ,3000316,100309,3000316,FOUND,TG_Shop.upk,SINGLE_ITEM_ICON_MATCH,,
COMMODITY,200317,Variation of the virus ,3000317,100310,3000317,FOUND,TG_Shop.upk,SINGLE_ITEM_ICON_MATCH,,
COMMODITY,200318,Variation magazine ,3000318,100311,3000318,FOUND,TG_Shop.upk,SINGLE_ITEM_ICON_MATCH,,
COMMODITY,200319,Candy Bomb ,3000319,100312,3000319,FOUND,TG_Shop.upk,SINGLE_ITEM_ICON_MATCH,,
COMMODITY,200320,Standard headphone battle ,3000320,100320,3000320,FOUND,TG_Shop.upk,SINGLE_ITEM_ICON_MATCH,,
COMMODITY,200321,Red Devils battle headphones ,3000321,100321,3000321,FOUND,TG_Shop.upk,SINGLE_ITEM_ICON_MATCH,,
COMMODITY,200322,Gold Medal Arctic WM-S,3000322,100326,3000322,FOUND,TG_Shop.upk,SINGLE_ITEM_ICON_MATCH,,
COMMODITY,200323,Silver Medal Arctic WM-S,3000323,100327,3000323,FOUND,TG_Shop.upk,SINGLE_ITEM_ICON_MATCH,,
COMMODITY,200324,Bronze Medal Arctic WM-S,3000324,100328,3000324,FOUND,TG_Shop.upk,SINGLE_ITEM_ICON_MATCH,,
COMMODITY,200325,Gold Medal M4A1-S,3000325,100329,3000325,FOUND,TG_Shop.upk,SINGLE_ITEM_ICON_MATCH,,
COMMODITY,200326,Silver Medal M4A1-S,3000326,100330,3000326,FOUND,TG_Shop.upk,SINGLE_ITEM_ICON_MATCH,,
COMMODITY,200327,Bronze Medal M4A1-S,3000327,100331,3000327,FOUND,TG_Shop.upk,SINGLE_ITEM_ICON_MATCH,,
COMMODITY,200328,Target Pattern,3000328,100332,3000328,FOUND,TG_Shop.upk,SINGLE_ITEM_ICON_MATCH,,
COMMODITY,200329,Wolf spy ,3000329,100333;300082;300083;100335,3000329,FOUND,TG_Shop.upk,BUNDLE,,
COMMODITY,200330,Impartial ,3000330,100334;300087;300088,3000330,FOUND,TG_Shop.upk,BUNDLE,,
COMMODITY,200331,M4A1-A ,3000331,100336,3000331,FOUND,TG_Shop.upk,SINGLE_ITEM_ICON_MATCH,,
COMMODITY,200332,AR15-S ,3000332,100337,3000332,FOUND,TG_Shop.upk,SINGLE_ITEM_ICON_MATCH,,
COMMODITY,200336,OPS bulletproof helmet ,3000336,100341,3000336,FOUND,TG_Shop.upk,SINGLE_ITEM_ICON_MATCH,,
COMMODITY,200342,Championship belt ,3000342,100347,,FOUND,TG_Shop.upk,ITEM_NOT_IN_ITEM_CATALOG,,
COMMODITY,200343,TAR21 ,3000343,100348,3000343,FOUND,TG_Shop.upk,SINGLE_ITEM_ICON_MATCH,,
COMMODITY,200344,A-Point Pattern,3000344,100349,3000344,FOUND,TG_Shop.upk,SINGLE_ITEM_ICON_MATCH,,
COMMODITY,200345,B-Point Pattern,3000345,100350,3000345,FOUND,TG_Shop.upk,SINGLE_ITEM_ICON_MATCH,,
COMMODITY,200346,Mech Pattern,3000346,100351,3000346,FOUND,TG_Shop.upk,SINGLE_ITEM_ICON_MATCH,,
COMMODITY,200347,Inverse War Pattern,3000347,100352,3000347,FOUND,TG_Shop.upk,SINGLE_ITEM_ICON_MATCH,,
COMMODITY,200348,Cowboy Pattern,3000348,100353,3000348,FOUND,TG_Shop.upk,SINGLE_ITEM_ICON_MATCH,,
COMMODITY,200349,Cyborg Pattern,3000349,100354,3000349,FOUND,TG_Shop.upk,SINGLE_ITEM_ICON_MATCH,,
COMMODITY,200350,Biochemical Pattern,3000350,100355,3000350,FOUND,TG_Shop.upk,SINGLE_ITEM_ICON_MATCH,,
COMMODITY,200351,Space pattern,3000351,100356,3000351,FOUND,TG_Shop.upk,SINGLE_ITEM_ICON_MATCH,,
COMMODITY,200352,Clown pattern,3000352,100357,3000352,FOUND,TG_Shop.upk,SINGLE_ITEM_ICON_MATCH,,
COMMODITY,200353,Temptation Pattern,3000353,100358,3000353,FOUND,TG_Shop.upk,SINGLE_ITEM_ICON_MATCH,,
COMMODITY,200356,DSR-1 ,3000356,100365,3000356,FOUND,TG_Shop.upk,SINGLE_ITEM_ICON_MATCH,,
COMMODITY,200357,MAUL ,3000357,100366,3000357,FOUND,TG_Shop.upk,SINGLE_ITEM_ICON_MATCH,,
COMMODITY,200360,Scorpion swords ,3000360,100369,3000360,FOUND,TG_Shop.upk,SINGLE_ITEM_ICON_MATCH,,
COMMODITY,200361,Air filter ,3000361,100370,3000361,FOUND,TG_Shop.upk,SINGLE_ITEM_ICON_MATCH,,
COMMODITY,200362,Brother's hat ,3000362,100371,3000362,FOUND,TG_Shop.upk,SINGLE_ITEM_ICON_MATCH,,
COMMODITY,200363,Riot police belt ,3000363,100372,3000363,FOUND,TG_Shop.upk,SINGLE_ITEM_ICON_MATCH,,
COMMODITY,200364,Anti-viral respiratory masks ,3000364,100373,3000364,FOUND,TG_Shop.upk,SINGLE_ITEM_ICON_MATCH,,
COMMODITY,200368,Red Action helmet ,3000368,100377,3000368,FOUND,TG_Shop.upk,SINGLE_ITEM_ICON_MATCH,,
COMMODITY,200371,AK47-K,3000371,100380,3000371,FOUND,TG_Shop.upk,SINGLE_ITEM_ICON_MATCH,,
COMMODITY,200372,M4A1-H,3000372,100381,3000372,FOUND,TG_Shop.upk,SINGLE_ITEM_ICON_MATCH,,
COMMODITY,200373,Bella ,3000373,100382;300092;300093;100387,3000373,FOUND,TG_Shop.upk,BUNDLE,,
COMMODITY,200375,Kevin,3000375,100384;300102;300103;100389;100928,3000375,FOUND,TG_Shop.upk,BUNDLE,,
COMMODITY,200378,Nepal saber ,3000378,100390,3000378,FOUND,TG_Shop.upk,SINGLE_ITEM_ICON_MATCH,,
COMMODITY,200380,03 rifle ,3000380,100392,3000380,FOUND,TG_Shop.upk,SINGLE_ITEM_ICON_MATCH,,
COMMODITY,200388,Gear painting ,3000386,100399,3000386,FOUND,TG_Shop.upk,SINGLE_ITEM_ICON_MATCH,,
COMMODITY,200389,Covers painting ,3000387,100400,3000387,FOUND,TG_Shop.upk,SINGLE_ITEM_ICON_MATCH,,
COMMODITY,200390,Skull painting ,3000388,100401,3000388,FOUND,TG_Shop.upk,SINGLE_ITEM_ICON_MATCH,,
COMMODITY,200397,Painting lure Ray ,3000395,100408,3000395,FOUND,TG_Shop.upk,SINGLE_ITEM_ICON_MATCH,,
COMMODITY,200399,Destruction painting ,3000397,100410,3000397,FOUND,TG_Shop.upk,SINGLE_ITEM_ICON_MATCH,,
COMMODITY,200414,Alpha Operations pockets ,3000412,100425,3000412,FOUND,TG_Shop.upk,SINGLE_ITEM_ICON_MATCH,,
COMMODITY,200417,Reds pennant belt ,3000415,100428,3000415,FOUND,TG_Shop.upk,SINGLE_ITEM_ICON_MATCH,,
COMMODITY,200421,SEAL combat washcloth ,3000419,100432,3000419,FOUND,TG_Shop.upk,SINGLE_ITEM_ICON_MATCH,,
COMMODITY,200426,Camo XM8 ,3000424,100437,3000424,FOUND,TG_Shop.upk,SINGLE_ITEM_ICON_MATCH,,
COMMODITY,200439,Outdoor canvas pockets ,3000437,100450,3000437,FOUND,TG_Shop.upk,SINGLE_ITEM_ICON_MATCH,,
COMMODITY,200440,Players shot glasses ,3000438,100451,3000438,FOUND,TG_Shop.upk,SINGLE_ITEM_ICON_MATCH,,
COMMODITY,200441,sound canceling headphones ,3000439,100452,3000439,FOUND,TG_Shop.upk,SINGLE_ITEM_ICON_MATCH,,
COMMODITY,200444,SEAL Tactical Belt ,3000442,100455,3000442,FOUND,TG_Shop.upk,SINGLE_ITEM_ICON_MATCH,,
COMMODITY,200446,Ultimax100 ,3000444,100457,3000444,FOUND,TG_Shop.upk,SINGLE_ITEM_ICON_MATCH,,
COMMODITY,200447,Phantom,3000445,100458;300107;300108;100460;100530,3000445;3000501,FOUND,TG_Shop.upk,BUNDLE,,
COMMODITY,200448,Pumpkin Grenade,3000446,100459,3000446,FOUND,TG_Shop.upk,SINGLE_ITEM_ICON_MATCH,,
COMMODITY,200457,Jasmine,3000456,100470;300112;300113;100490,3000456,FOUND,TG_Shop.upk,BUNDLE,,
COMMODITY,200459,枫叶95式,3000458,100472,3000458,FOUND,TG_Shop.upk,SINGLE_ITEM_ICON_MATCH,,
COMMODITY,200460,Firecracker grenade ,3000459,100473,3000459,FOUND,TG_Shop.upk,SINGLE_ITEM_ICON_MATCH,,
COMMODITY,200465,Camo  AK74U ,3000464,100478,3000464,FOUND,TG_Shop.upk,SINGLE_ITEM_ICON_MATCH,,
COMMODITY,200466,AR15- Black Mamba ,3000465,100479,3000465,FOUND,TG_Shop.upk,SINGLE_ITEM_ICON_MATCH,,
COMMODITY,200467,SCAR- gold Viper ,3000466,100480,3000466,FOUND,TG_Shop.upk,SINGLE_ITEM_ICON_MATCH,,
COMMODITY,200468,M95- Cobra ,3000467,100481,3000467,FOUND,TG_Shop.upk,SINGLE_ITEM_ICON_MATCH,,
COMMODITY,200469,Gatlin - mad python ,3000468,100482,3000468,FOUND,TG_Shop.upk,SINGLE_ITEM_ICON_MATCH,,
COMMODITY,200470,Snake Desert ,3000469,100483,3000469,FOUND,TG_Shop.upk,SINGLE_ITEM_ICON_MATCH,,
COMMODITY,200471,King of the jungle - snake ,3000470,100484,3000470,FOUND,TG_Shop.upk,SINGLE_ITEM_ICON_MATCH,,
COMMODITY,200481,FMG dual wield,3000480,100496,3000480,FOUND,TG_Shop.upk,SINGLE_ITEM_ICON_MATCH,,
COMMODITY,200482,09 style shotgun ,3000481,100497,3000481,FOUND,TG_Shop.upk,SINGLE_ITEM_ICON_MATCH,,
COMMODITY,200483,snake Series Set,3000482,100479;100480;100481;100482;100483;100484,3000465;3000466;3000467;3000468;3000469;3000470,FOUND,TG_Shop.upk,BUNDLE,,
COMMODITY,200484,snake Series Set,3000483,100479;100480;100481;100482;100483;100484,3000465;3000466;3000467;3000468;3000469;3000470,FOUND,TG_Shop.upk,BUNDLE,,
COMMODITY,200485,Special 95-style ,3000484,100498,3000484,FOUND,TG_Shop.upk,SINGLE_ITEM_ICON_MATCH,,
COMMODITY,200486,10 sniper ,3000485,100499,3000485,FOUND,TG_Shop.upk,SINGLE_ITEM_ICON_MATCH,,
COMMODITY,200489,Encryption key box arms ,3000486,100500,3000486,FOUND,TG_Shop.upk,SINGLE_ITEM_ICON_MATCH,,
COMMODITY,200490,雷明顿MSR,3000004,100503,3000004,FOUND,TG_Shop.upk,SINGLE_ITEM_ICON_MATCH,,
COMMODITY,200491,DSR-1,3000356,100504,3000356,FOUND,TG_Shop.upk,SINGLE_ITEM_ICON_MATCH,,
COMMODITY,200492,M4A1-S,3000190,100505,3000190,FOUND,TG_Shop.upk,SINGLE_ITEM_ICON_MATCH,,
COMMODITY,200493,SCAR-S,3000291,100506,3000291,FOUND,TG_Shop.upk,SINGLE_ITEM_ICON_MATCH,,
COMMODITY,200494,M4A1-H,3000191,100507,3000191,FOUND,TG_Shop.upk,SINGLE_ITEM_ICON_MATCH,,
COMMODITY,200495,F2000,3000187,100508,3000187,FOUND,TG_Shop.upk,SINGLE_ITEM_ICON_MATCH,,
COMMODITY,200496,OTs-14,3000303,100509,3000303,FOUND,TG_Shop.upk,SINGLE_ITEM_ICON_MATCH,,
COMMODITY,200497,FAMAS-R,3000211,100510,3000211,FOUND,TG_Shop.upk,SINGLE_ITEM_ICON_MATCH,,
COMMODITY,200498,Uzi双持冲锋枪,3000130,100511,3000130,FOUND,TG_Shop.upk,SINGLE_ITEM_ICON_MATCH,,
COMMODITY,200499,加特林机枪,3000099,100502,3000099,FOUND,TG_Shop.upk,SINGLE_ITEM_ICON_MATCH,,
COMMODITY,200500,Beretta92,3000236,100512,3000236,FOUND,TG_Shop.upk,SINGLE_ITEM_ICON_MATCH,,
COMMODITY,200501,MAUL,3000357,100513,3000357,FOUND,TG_Shop.upk,SINGLE_ITEM_ICON_MATCH,,
COMMODITY,200505,Camo  FAL ,3000491,100521,3000491,FOUND,TG_Shop.upk,SINGLE_ITEM_ICON_MATCH,,
COMMODITY,200506,M4A1-H ,3000191,100522,3000191,FOUND,TG_Shop.upk,SINGLE_ITEM_ICON_MATCH,,
COMMODITY,200507,F2000 ,3000187,100523,3000187,FOUND,TG_Shop.upk,SINGLE_ITEM_ICON_MATCH,,
COMMODITY,200508,M4A1-S ,3000190,100524,3000190,FOUND,TG_Shop.upk,SINGLE_ITEM_ICON_MATCH,,
COMMODITY,200509,DSR-1 ,3000356,100525,3000356,FOUND,TG_Shop.upk,SINGLE_ITEM_ICON_MATCH,,
COMMODITY,200512,Tank Kit ,3000494,100245;100246,3000254;3000255,FOUND,TG_Shop.upk,BUNDLE,,
COMMODITY,200513,Battle Set ,3000495,100244;100240;100183;100205,3000199;3000210;3000249;3000253,FOUND,TG_Shop.upk,BUNDLE,,
COMMODITY,200514,Mech Suit ,3000496,100241;100210;100242;100243,3000215;3000250;3000251;3000252,FOUND,TG_Shop.upk,BUNDLE,,
COMMODITY,200515,Mutation set,3000497,100310;100311;100307,3000314;3000317;3000318,FOUND,TG_Shop.upk,BUNDLE,,
COMMODITY,200516,Black fighting belt ,3000498,100527,3000498,FOUND,TG_Shop.upk,SINGLE_ITEM_ICON_MATCH,,
COMMODITY,200517,Black fighting headphones ,3000499,100528,3000499,FOUND,TG_Shop.upk,SINGLE_ITEM_ICON_MATCH,,
COMMODITY,200518,Black fighting glasses ,3000500,100529,3000500,FOUND,TG_Shop.upk,SINGLE_ITEM_ICON_MATCH,,
COMMODITY,200519,Variability of serum ,3000502,100531,3000502,FOUND,TG_Shop.upk,SINGLE_ITEM_ICON_MATCH,,
COMMODITY,200520,Gene enhancer ,3000503,100532,3000503,FOUND,TG_Shop.upk,SINGLE_ITEM_ICON_MATCH,,
COMMODITY,200521,Enhanced virus ,3000504,100533,3000504,FOUND,TG_Shop.upk,SINGLE_ITEM_ICON_MATCH,,
COMMODITY,200522,Variety Set ,3000505,100181;100182;100196;100352,3000197;3000198;3000201;3000347,FOUND,TG_Shop.upk,BUNDLE,,
COMMODITY,200523,April FoolSet,3000506,100259;100238;100060;100357,3000068;3000247;3000263;3000352,FOUND,TG_Shop.upk,BUNDLE,,
COMMODITY,200524,Camo  KACSAW ,3000507,100534,3000507,FOUND,TG_Shop.upk,SINGLE_ITEM_ICON_MATCH,,
COMMODITY,200526,AUGA3 ,3000509,100536,3000509,FOUND,TG_Shop.upk,SINGLE_ITEM_ICON_MATCH,,
COMMODITY,200527,A super mech license ,3000510,100537,3000510,FOUND,TG_Shop.upk,SINGLE_ITEM_ICON_MATCH,,
COMMODITY,200537,HKG11 ,3000520,100547,3000520,FOUND,TG_Shop.upk,SINGLE_ITEM_ICON_MATCH,,
COMMODITY,200539,Leather fashion cap ,3000522,100549,3000522,FOUND,TG_Shop.upk,SINGLE_ITEM_ICON_MATCH,,
COMMODITY,200540,Dark visor mirror ,3000523,100550,3000523,FOUND,TG_Shop.upk,SINGLE_ITEM_ICON_MATCH,,
COMMODITY,200541,Jungle survival knife ,3000524,100551,3000524,FOUND,TG_Shop.upk,SINGLE_ITEM_ICON_MATCH,,
COMMODITY,200549,Cutting-edge suite ,3000532,100337;100032;100033;100079,3000021;3000022;3000098;3000332,FOUND,TG_Shop.upk,BUNDLE,,
COMMODITY,200550,Three bursts suit ,3000533,100206;100263;100078,3000097;3000211;3000267,FOUND,TG_Shop.upk,BUNDLE,,
COMMODITY,200552,Blood crossbow ,3000535,100561;300117;300118;100562,3000535,FOUND,TG_Shop.upk,BUNDLE,,
COMMODITY,200553,HK416 ,3000536,100563,3000536,FOUND,TG_Shop.upk,SINGLE_ITEM_ICON_MATCH,,
COMMODITY,200554,AK12 ,3000537,100564,3000537,FOUND,TG_Shop.upk,SINGLE_ITEM_ICON_MATCH,,
COMMODITY,200555,TPG1 ,3000538,100565,3000538,FOUND,TG_Shop.upk,SINGLE_ITEM_ICON_MATCH,,
COMMODITY,200556,Bloodthirsty Rose ,3000541,100568,3000541,FOUND,TG_Shop.upk,SINGLE_ITEM_ICON_MATCH,,
COMMODITY,200557,Sniper suit ,3000542,100178;100207;100077,3000096;3000194;3000212,FOUND,TG_Shop.upk,BUNDLE,,
COMMODITY,200558,Gun suit ,3000543,100283;100079;100222,3000098;3000236;3000287,FOUND,TG_Shop.upk,BUNDLE,,
COMMODITY,200559,变异套装,3000544,100568;100531;100532;100533;100310;100311;100307,3000314;3000317;3000318;3000502;3000503;3000504;3000541,FOUND,TG_Shop.upk,BUNDLE,,
COMMODITY,200560,FN57 ,3000545,100569,3000545,FOUND,TG_Shop.upk,SINGLE_ITEM_ICON_MATCH,,
COMMODITY,200562,500AP discount coupons ,3000540,100567,3000540,FOUND,TG_Shop.upk,SINGLE_ITEM_ICON_MATCH,,
COMMODITY,200563,300AP discount coupons ,3000539,100566,3000539,FOUND,TG_Shop.upk,SINGLE_ITEM_ICON_MATCH,,
COMMODITY,200565,Children's Painting (1) ,3000549,100573,3000549,FOUND,TG_Shop.upk,SINGLE_ITEM_ICON_MATCH,,
COMMODITY,200566,Children painting (2) ,3000550,100574,3000550,FOUND,TG_Shop.upk,SINGLE_ITEM_ICON_MATCH,,
COMMODITY,200567,Thunder 999 ,3000557,100581,3000557,FOUND,TG_Shop.upk,SINGLE_ITEM_ICON_MATCH,,
COMMODITY,200569,Blood colored headscarf ,3000564,100588,3000564,FOUND,TG_Shop.upk,SINGLE_ITEM_ICON_MATCH,,
COMMODITY,200570,Middle East Plaid Scarf ,3000565,100589,3000565,FOUND,TG_Shop.upk,SINGLE_ITEM_ICON_MATCH,,
COMMODITY,200571,Wild boy standard belt ,3000566,100590,3000566,FOUND,TG_Shop.upk,SINGLE_ITEM_ICON_MATCH,,
COMMODITY,200573,Evil Chaozong ,3000563,100587,3000563,FOUND,TG_Shop.upk,SINGLE_ITEM_ICON_MATCH,,
COMMODITY,200574,Tower defense expert card ,3000567,100591,3000567,FOUND,TG_Shop.upk,SINGLE_ITEM_ICON_MATCH,,
COMMODITY,200575,Turned hero ,3000551,100575,3000551,FOUND,TG_Shop.upk,SINGLE_ITEM_ICON_MATCH,,
COMMODITY,200576,Straightforward shooting ,3000552,100576,3000552,FOUND,TG_Shop.upk,SINGLE_ITEM_ICON_MATCH,,
COMMODITY,200578,Pilfering ,3000554,100578,3000554,FOUND,TG_Shop.upk,SINGLE_ITEM_ICON_MATCH,,
COMMODITY,200580,Bloody Harvest ,3000556,100580,3000556,FOUND,TG_Shop.upk,SINGLE_ITEM_ICON_MATCH,,
COMMODITY,200581,A tank license ,3000568,100592,3000568,FOUND,TG_Shop.upk,SINGLE_ITEM_ICON_MATCH,,
COMMODITY,200582,Dual wield ACP ,3000569,100593,3000569,FOUND,TG_Shop.upk,SINGLE_ITEM_ICON_MATCH,,
COMMODITY,200583,ARX160 ,3000570,100594,3000570,FOUND,TG_Shop.upk,SINGLE_ITEM_ICON_MATCH,,
COMMODITY,200584,Knuckles ,3000571,100595,3000571,FOUND,TG_Shop.upk,SINGLE_ITEM_ICON_MATCH,,
COMMODITY,200588,Powerful physique ,1000064,100517,1000064,FOUND,TG_Shop.upk,SINGLE_ITEM_ICON_MATCH,,
COMMODITY,200592,Angela ,3000575,100599;300119;300120;100601,3000575,FOUND,TG_Shop.upk,BUNDLE,,
COMMODITY,200593,Sofia ,3000576,100600;300121;300122;100602,3000576,FOUND,TG_Shop.upk,BUNDLE,,
COMMODITY,200594,SCAR Megalodon ,3000572,100603,3000572,FOUND,TG_Shop.upk,SINGLE_ITEM_ICON_MATCH,,
COMMODITY,200595,Flames fighting spirit ,3000573,100604,3000573,FOUND,TG_Shop.upk,SINGLE_ITEM_ICON_MATCH,,
COMMODITY,200596,DE shark ,3000574,100605,3000574,FOUND,TG_Shop.upk,SINGLE_ITEM_ICON_MATCH,,
COMMODITY,200597,Mood headdress ,3000577,100606,3000577,FOUND,TG_Shop.upk,SINGLE_ITEM_ICON_MATCH,,
COMMODITY,200598, brown sunglasses ,3000578,100607,3000578,FOUND,TG_Shop.upk,SINGLE_ITEM_ICON_MATCH,,
COMMODITY,200599,Fashion fight purse ,3000579,100608,3000579,FOUND,TG_Shop.upk,SINGLE_ITEM_ICON_MATCH,,
COMMODITY,200600,American cap ,3000580,100609,3000580,FOUND,TG_Shop.upk,SINGLE_ITEM_ICON_MATCH,,
COMMODITY,200601,Rimless sunglasses gray ,3000581,100610,3000581,FOUND,TG_Shop.upk,SINGLE_ITEM_ICON_MATCH,,
COMMODITY,200602,American Police pockets ,3000582,100611,3000582,FOUND,TG_Shop.upk,SINGLE_ITEM_ICON_MATCH,,
COMMODITY,200605,Camo  Brothers ,3000585,100614,3000585,FOUND,TG_Shop.upk,SINGLE_ITEM_ICON_MATCH,,
COMMODITY,200607,Bullet Time ,3000587,100616,3000587,FOUND,TG_Shop.upk,SINGLE_ITEM_ICON_MATCH,,
COMMODITY,200608,LSAT ,3000588,100617,3000588,FOUND,TG_Shop.upk,SINGLE_ITEM_ICON_MATCH,,
COMMODITY,200609,Polar ice flame ,3000589,100618,3000589,FOUND,TG_Shop.upk,SINGLE_ITEM_ICON_MATCH,,
COMMODITY,200611,L85 ,3000591,100620,3000591,FOUND,TG_Shop.upk,SINGLE_ITEM_ICON_MATCH,,
COMMODITY,200612,MP5SD10 ,3000592,100621,3000592,FOUND,TG_Shop.upk,SINGLE_ITEM_ICON_MATCH,,
COMMODITY,200614,Zhang Jie - Police Pioneer ,3000594,100623;300123;300124;100645,3000594,FOUND,TG_Shop.upk,BUNDLE,,
COMMODITY,200615,Hurricane Hammer ,3000595,100624,3000595,FOUND,TG_Shop.upk,SINGLE_ITEM_ICON_MATCH,,
COMMODITY,200616,Sofia & Angela ,3000596,100599;300119;300120;100601;100600;300121;300122;100602,3000575;3000576,FOUND,TG_Shop.upk,BUNDLE,,
COMMODITY,200619,Zhang Jie - King City ,3000597,100626;300125;300126;100648;100649,3000597,FOUND,TG_Shop.upk,BUNDLE,,
COMMODITY,200620,Super Compound Bow ,3000598,100627,3000598,FOUND,TG_Shop.upk,SINGLE_ITEM_ICON_MATCH,,
COMMODITY,200622,Explosion arrow ,3000599,100629,3000599,FOUND,TG_Shop.upk,SINGLE_ITEM_ICON_MATCH,,
COMMODITY,200623,Compound Bow Package ,3000600,100627;100629,3000598;3000599,FOUND,TG_Shop.upk,BUNDLE,,
COMMODITY,200626,Barrett M107 ,3000608,100638,3000608,FOUND,TG_Shop.upk,SINGLE_ITEM_ICON_MATCH,,
COMMODITY,200627,MINI14 ,3000609,100639,3000609,FOUND,TG_Shop.upk,SINGLE_ITEM_ICON_MATCH,,
COMMODITY,200628,ACE32 ,3000610,100640,3000610,FOUND,TG_Shop.upk,SINGLE_ITEM_ICON_MATCH,,
COMMODITY,200630,M1911 ,3000612,100642,3000612,FOUND,TG_Shop.upk,SINGLE_ITEM_ICON_MATCH,,
COMMODITY,200631,Bat ,3000613,100643,3000613,FOUND,TG_Shop.upk,SINGLE_ITEM_ICON_MATCH,,
COMMODITY,200632,Nether Duwang ,3000615,100646,3000615,FOUND,TG_Shop.upk,SINGLE_ITEM_ICON_MATCH,,
COMMODITY,200633,Huang Jin Zunlong Nepal ,3000616,100647,3000616,FOUND,TG_Shop.upk,SINGLE_ITEM_ICON_MATCH,,
COMMODITY,200634,Zhang Jie - double camp ,3000648,100623;300123;300124;100645;100626;300125;300126;100648;100649,3000594;3000597,FOUND,TG_Shop.upk,BUNDLE,,
COMMODITY,210001,AK74U-KOS,3010001,110001,3010001,FOUND,TG_Shop.upk,SINGLE_ITEM_ICON_MATCH,,
COMMODITY,210002,AR15-KOS,3010002,110002,3010002,FOUND,TG_Shop.upk,SINGLE_ITEM_ICON_MATCH,,
COMMODITY,210006,The Razorback,3010006,110004,3010004,FOUND,TG_Shop.upk,SINGLE_ITEM_ICON_DIFFERS,,
COMMODITY,210007,Boar Hooves,3010005,110005,3010005,FOUND,TG_Shop.upk,SINGLE_ITEM_ICON_MATCH,,
COMMODITY,1000013,Knife,1000001,100013,1000001,FOUND,TG_Shop.upk,SINGLE_ITEM_ICON_MATCH,,
COMMODITY,1000026,Package,1000006,100026,1000006,NOT_FOUND_IN_SCANNED_PACKAGES,,SINGLE_ITEM_ICON_MATCH,3000026,reviewed fallback: existing No. 3 Backpack image
COMMODITY,1000038,Clan_EXP,1000007,100038,1000007,FOUND,TG_Shop.upk,SINGLE_ITEM_ICON_MATCH,,
COMMODITY,1000039,Clan_GP,1000008,100039,1000008,FOUND,TG_Shop.upk,SINGLE_ITEM_ICON_MATCH,,
COMMODITY,1000042,ClanTag,1000009,100042,1000009,FOUND,TG_Shop.upk,SINGLE_ITEM_ICON_MATCH,,
COMMODITY,1000132,ClanGroup_EXP,1000023,100132,1000023,NOT_FOUND_IN_SCANNED_PACKAGES,,SINGLE_ITEM_ICON_MATCH,,
COMMODITY,1000190,M4A1OET,3000299,100190,3000299,FOUND,TG_Shop.upk,SINGLE_ITEM_ICON_MATCH,,
COMMODITY,1000191,AK47OET,3000300,100191,3000300,FOUND,TG_Shop.upk,SINGLE_ITEM_ICON_MATCH,,
COMMODITY,1000192,AWMOET,3000301,100192,3000301,FOUND,TG_Shop.upk,SINGLE_ITEM_ICON_MATCH,,
COMMODITY,1000193,Painter_petty,1000038,100193,1000038,FOUND,TG_Shop.upk,SINGLE_ITEM_ICON_MATCH,,
COMMODITY,1000194,Painter_company,1000039,100194,1000039,FOUND,TG_Shop.upk,SINGLE_ITEM_ICON_MATCH,,
COMMODITY,1000195,Painter_field,1000040,100195,1000040,FOUND,TG_Shop.upk,SINGLE_ITEM_ICON_MATCH,,
COMMODITY,1000254,幸运子弹A,1000049,100254,1000049,FOUND,TG_Shop.upk,SINGLE_ITEM_ICON_MATCH,,
COMMODITY,1000255,幸运子弹B,1000050,100255,1000050,FOUND,TG_Shop.upk,SINGLE_ITEM_ICON_MATCH,,
COMMODITY,1000256,幸运子弹C,1000051,100256,1000051,FOUND,TG_Shop.upk,SINGLE_ITEM_ICON_MATCH,,
COMMODITY,1000257,幸运子弹D,1000052,100257,1000052,FOUND,TG_Shop.upk,SINGLE_ITEM_ICON_MATCH,,
COMMODITY,1000258,幸运武器零件,1000053,100258,1000053,FOUND,TG_Shop.upk,SINGLE_ITEM_ICON_MATCH,,
COMMODITY,1000280,AR15OET,3000284,100280,3000284,FOUND,TG_Shop.upk,SINGLE_ITEM_ICON_MATCH,,
COMMODITY,1000281,QBZ95OET,3000285,100281,3000285,FOUND,TG_Shop.upk,SINGLE_ITEM_ICON_MATCH,,
COMMODITY,1000282,M249GAI,3000286,100282,3000286,FOUND,TG_Shop.upk,SINGLE_ITEM_ICON_MATCH,,
COMMODITY,1000286,F2000GAI,3000290,100286,3000290,FOUND,TG_Shop.upk,SINGLE_ITEM_ICON_MATCH,,
COMMODITY,1000290,命令行工具,3000294,100290,3000294,NOT_FOUND_IN_SCANNED_PACKAGES,,SINGLE_ITEM_ICON_MATCH,,
COMMODITY,1000299,Painter_RoyalDragon,3000306,100299,3000306,FOUND,TG_Shop.upk,SINGLE_ITEM_ICON_MATCH,,
COMMODITY,1000306,Jian,3000313,100306,3000313,FOUND,TG_Shop.upk,SINGLE_ITEM_ICON_MATCH,,
COMMODITY,1000308,M60Child,3000315,100308,3000315,FOUND,TG_Shop.upk,SINGLE_ITEM_ICON_MATCH,,
COMMODITY,1000368,UZI77,3000359,100368,3000359,FOUND,TG_Shop.upk,SINGLE_ITEM_ICON_MATCH,,
COMMODITY,1000385,M4A1Member,3000376,100385,3000376,FOUND,TG_Shop.upk,SINGLE_ITEM_ICON_MATCH,,
COMMODITY,1000386,AK47Member,3000377,100386,3000377,FOUND,TG_Shop.upk,SINGLE_ITEM_ICON_MATCH,,
COMMODITY,1000393,AK47gold,3000381,100393,3000381,FOUND,TG_Shop.upk,SINGLE_ITEM_ICON_MATCH,,
COMMODITY,1000394,M4A1gold,3000382,100394,3000382,FOUND,TG_Shop.upk,SINGLE_ITEM_ICON_MATCH,,
COMMODITY,1000395,AWMgold,3000383,100395,3000383,FOUND,TG_Shop.upk,SINGLE_ITEM_ICON_MATCH,,
COMMODITY,1000396,AK47gold,3000381,100396,3000381,FOUND,TG_Shop.upk,SINGLE_ITEM_ICON_MATCH,,
COMMODITY,1000398,MidAutumn,3000385,100398,3000385,FOUND,TG_Shop.upk,SINGLE_ITEM_ICON_MATCH,,
COMMODITY,1000402,力量喷漆,3000389,100402,3000389,FOUND,TG_Shop.upk,SINGLE_ITEM_ICON_MATCH,,
COMMODITY,1000403,练靶喷漆,3000390,100403,3000390,FOUND,TG_Shop.upk,SINGLE_ITEM_ICON_MATCH,,
COMMODITY,1000404,猎鹰喷漆,3000391,100404,3000391,FOUND,TG_Shop.upk,SINGLE_ITEM_ICON_MATCH,,
COMMODITY,1000405,轮胎喷漆,3000392,100405,3000392,FOUND,TG_Shop.upk,SINGLE_ITEM_ICON_MATCH,,
COMMODITY,1000406,沙漠之鹰喷漆,3000393,100406,3000393,FOUND,TG_Shop.upk,SINGLE_ITEM_ICON_MATCH,,
COMMODITY,1000407,坦克喷漆,3000394,100407,3000394,FOUND,TG_Shop.upk,SINGLE_ITEM_ICON_MATCH,,
COMMODITY,1000409,城市喷漆,3000396,100409,3000396,FOUND,TG_Shop.upk,SINGLE_ITEM_ICON_MATCH,,
COMMODITY,1000411,战斗喷漆,3000398,100411,3000398,FOUND,TG_Shop.upk,SINGLE_ITEM_ICON_MATCH,,
COMMODITY,1000412,开火喷漆,3000399,100412,3000399,FOUND,TG_Shop.upk,SINGLE_ITEM_ICON_MATCH,,
COMMODITY,1000413,冲刺喷漆,3000400,100413,3000400,FOUND,TG_Shop.upk,SINGLE_ITEM_ICON_MATCH,,
COMMODITY,1000414,士兵喷漆,3000401,100414,3000401,FOUND,TG_Shop.upk,SINGLE_ITEM_ICON_MATCH,,
COMMODITY,1000415,老虎喷漆,3000402,100415,3000402,FOUND,TG_Shop.upk,SINGLE_ITEM_ICON_MATCH,,
COMMODITY,1000416,彩色骷髅喷漆,3000403,100416,3000403,FOUND,TG_Shop.upk,SINGLE_ITEM_ICON_MATCH,,
COMMODITY,1000417,彩色坦克喷漆,3000404,100417,3000404,FOUND,TG_Shop.upk,SINGLE_ITEM_ICON_MATCH,,
COMMODITY,1000418,星球喷漆,3000405,100418,3000405,FOUND,TG_Shop.upk,SINGLE_ITEM_ICON_MATCH,,
COMMODITY,1000436,AUGGAI,3000423,100436,3000423,FOUND,TG_Shop.upk,SINGLE_ITEM_ICON_MATCH,,
COMMODITY,1000438,SG551GAI,3000425,100438,3000425,FOUND,TG_Shop.upk,SINGLE_ITEM_ICON_MATCH,,
COMMODITY,1000441,SVDGAI,3000428,100441,3000428,FOUND,TG_Shop.upk,SINGLE_ITEM_ICON_MATCH,,
COMMODITY,1000448,AR15QT,3000435,100448,3000435,FOUND,TG_Shop.upk,SINGLE_ITEM_ICON_MATCH,,
COMMODITY,1000461,毁灭执照,3000447,100461,3000447,FOUND,TG_Shop.upk,SINGLE_ITEM_ICON_MATCH,,
COMMODITY,1000462,DEgold,3000448,100462,3000448,FOUND,TG_Shop.upk,SINGLE_ITEM_ICON_MATCH,,
COMMODITY,1000463,M48Gold,3000449,100463,3000449,FOUND,TG_Shop.upk,SINGLE_ITEM_ICON_MATCH,,
COMMODITY,1000464,RPKgold,3000450,100464,3000450,FOUND,TG_Shop.upk,SINGLE_ITEM_ICON_MATCH,,
COMMODITY,1000465,MinigunGold,3000451,100465,3000451,FOUND,TG_Shop.upk,SINGLE_ITEM_ICON_MATCH,,
COMMODITY,1000466,MK4QT,3000452,100466,3000452,FOUND,TG_Shop.upk,SINGLE_ITEM_ICON_MATCH,,
COMMODITY,1000467,DEQT,3000453,100467,3000453,FOUND,TG_Shop.upk,SINGLE_ITEM_ICON_MATCH,,
COMMODITY,1000469,SnowBall,3000455,100469,3000455,FOUND,TG_Shop.upk,SINGLE_ITEM_ICON_MATCH,,
COMMODITY,1000474,AK47GoldSword,3000460,100474,3000460,FOUND,TG_Shop.upk,SINGLE_ITEM_ICON_MATCH,,
COMMODITY,1000475,M4A1P_Gold,3000461,100475,3000461,FOUND,TG_Shop.upk,SINGLE_ITEM_ICON_MATCH,,
COMMODITY,1000476,UZIacu,3000462,100476,3000462,FOUND,TG_Shop.upk,SINGLE_ITEM_ICON_MATCH,,
COMMODITY,1000514,M60oet,3000488,100514,3000488,FOUND,TG_Shop.upk,SINGLE_ITEM_ICON_MATCH,,
COMMODITY,1000515,Minimioet,3000489,100515,3000489,FOUND,TG_Shop.upk,SINGLE_ITEM_ICON_MATCH,,
COMMODITY,1000516,QJY88oet,3000490,100516,3000490,FOUND,TG_Shop.upk,SINGLE_ITEM_ICON_MATCH,,
COMMODITY,1000540,BoxGlove_XD,3000513,100540,3000513,FOUND,TG_Shop.upk,SINGLE_ITEM_ICON_MATCH,,
COMMODITY,1000541,QBZ95gold,3000514,100541,3000514,FOUND,TG_Shop.upk,SINGLE_ITEM_ICON_MATCH,,
COMMODITY,1000542,AR15gold,3000515,100542,3000515,FOUND,TG_Shop.upk,SINGLE_ITEM_ICON_MATCH,,
COMMODITY,1000543,M95gold,3000516,100543,3000516,FOUND,TG_Shop.upk,SINGLE_ITEM_ICON_MATCH,,
COMMODITY,1000544,Jhammergold,3000517,100544,3000517,FOUND,TG_Shop.upk,SINGLE_ITEM_ICON_MATCH,,
COMMODITY,1000545,MK4gold,3000518,100545,3000518,FOUND,TG_Shop.upk,SINGLE_ITEM_ICON_MATCH,,
COMMODITY,1000554,MSRgame,3000527,100554,3000527,FOUND,TG_Shop.upk,SINGLE_ITEM_ICON_MATCH,,
COMMODITY,1000555,M4A1game,3000528,100555,3000528,FOUND,TG_Shop.upk,SINGLE_ITEM_ICON_MATCH,,
COMMODITY,1000556,HEgame,3000529,100556,3000529,FOUND,TG_Shop.upk,SINGLE_ITEM_ICON_MATCH,,
COMMODITY,1000557,DEgame,3000530,100557,3000530,FOUND,TG_Shop.upk,SINGLE_ITEM_ICON_MATCH,,
COMMODITY,1000558,MK2game,3000531,100558,3000531,FOUND,TG_Shop.upk,SINGLE_ITEM_ICON_MATCH,,
COMMODITY,1000583,1NZ点,3000559,100583,3000559,FOUND,TG_Shop.upk,SINGLE_ITEM_ICON_MATCH,,
COMMODITY,1000584,1月券,3000560,100584,3000560,FOUND,TG_Shop.upk,SINGLE_ITEM_ICON_MATCH,,
COMMODITY,1000585,1经验,3000561,100585,3000561,FOUND,TG_Shop.upk,SINGLE_ITEM_ICON_MATCH,,
COMMODITY,1000596,MSR_G,3000527,100596,3000527,FOUND,TG_Shop.upk,SINGLE_ITEM_ICON_MATCH,,
COMMODITY,1000597,M4A1_G,3000528,100597,3000528,FOUND,TG_Shop.upk,SINGLE_ITEM_ICON_MATCH,,
COMMODITY,1000598,DE_G,3000530,100598,3000530,FOUND,TG_Shop.upk,SINGLE_ITEM_ICON_MATCH,,
COMMODITY,1000612,2500NZ点购物券,3000583,100612,3000583,FOUND,TG_Shop.upk,SINGLE_ITEM_ICON_MATCH,,
COMMODITY,1000630,白富美喷漆,3000607,100630,3000607,NOT_FOUND_IN_SCANNED_PACKAGES,,SINGLE_ITEM_ICON_MATCH,,
COMMODITY,1000631,高富帅喷漆,3000601,100631,3000601,NOT_FOUND_IN_SCANNED_PACKAGES,,SINGLE_ITEM_ICON_MATCH,,
COMMODITY,1000632,1QB,3000602,100632,3000602,FOUND,TG_Shop.upk,SINGLE_ITEM_ICON_MATCH,,
COMMODITY,1000633,10QB,3000603,100633,3000603,FOUND,TG_Shop.upk,SINGLE_ITEM_ICON_MATCH,,
COMMODITY,1000634,50QB,3000604,100634,3000604,FOUND,TG_Shop.upk,SINGLE_ITEM_ICON_MATCH,,
COMMODITY,1000635,100QB,3000605,100635,3000605,FOUND,TG_Shop.upk,SINGLE_ITEM_ICON_MATCH,,
COMMODITY,1000644,2QB,3000614,100644,3000614,FOUND,TG_Shop.upk,SINGLE_ITEM_ICON_MATCH,,
COMMODITY,1000680,幸运子弹E,3000647,100680,3000647,FOUND,TG_Shop.upk,SINGLE_ITEM_ICON_MATCH,,
COMMODITY,1010003,AUG,3000031,110003,3000031,FOUND,TG_Shop.upk,SINGLE_ITEM_ICON_MATCH,,
